reactant,product,XLogP,TPSA
CCS(=O)(=O)Cl.OCCBr,CCS(=O)(=O)OCCBr,0.8,51.8
CC(C)CS(=O)(=O)Cl.OCCCl,CC(C)CS(=O)(=O)OCCCl,1.6,51.8
O=[N+]([O-])c1cccc2cnc(Cl)cc12,Nc1cccc2cnc(Cl)cc12,2.4,38.9
Cc1cc2c([N+](=O)[O-])cccc2c[n+]1[O-].O=P(Cl)(Cl)Cl,Cc1cc2c([N+](=O)[O-])cccc2c(Cl)n1,3.3,58.7
CCCCC[C@H](O)C=CC1C=CC(=O)C1CC=CCCCC(=O)O,CCCCC[C@H](O)C=CC1CCC(=O)C1CC=CCCCC(=O)O,3.8,74.6
CC(=O)OCC1=C(C(=O)O)N2C(=O)[C@@H](NC(=O)C(OC(C)=O)c3ccccc3)[C@H]2SC1,CC1=C(C(=O)O)N2C(=O)[C@@H](N)[C@H]2SC1,-3.1,109.0
COc1cccc(C2(CC(Cl)(Cl)Cl)CO2)c1.ClC(Cl)(Cl)CC1(c2ccc(Br)cc2)CO1,ClC(Cl)(Cl)CC1(c2cccc(Br)c2)CO1,4.1,12.5
COc1cc2ccccc2cc1C(=O)O.O=S(Cl)Cl,COc1cc2ccccc2cc1C(=O)Cl,3.7,26.3
CCN(CC)CC.O.O=C(Cl)Oc1ccccc1,Oc1ccccc1Cc1ccccc1O,3.1,40.5
CCOC(N)=O.Cc1ccc(N=C=O)cc1N=C=O,O=C=NC1CCC(CC2CCC(N=C=O)CC2)CC1,5.3,58.9
CCO.CN1c2ccccc2CC(=O)c2cc(Br)ccc21,CCOC1=Cc2ccccc2N(C)c2ccc(Br)cc21,4.8,12.5
CCOC(=O)CC1(O)Cc2ccccc2N(C)c2ccc(SCC)cc21,CCOC(=O)C=C1Cc2ccccc2N(C)c2ccc(SCC)cc21,4.7,54.8
CCOC(=O)C=C1Cc2ccccc2N(C)c2ccc(SCC)cc21,CCSc1ccc2c(c1)C(CC(=O)O)=Cc1ccccc1N2C,4.0,65.8
CCSc1ccc2c(c1)C(CC(=O)Oc1ccc([N+](=O)[O-])cc1)=Cc1ccccc1N2C.CNC,CCSc1ccc2c(c1)C(CC(=O)N(C)C)=Cc1ccccc1N2C,3.9,48.8
CCSc1ccc2c(c1)C(CC(=O)N(C)C)=Cc1ccccc1N2C,CCSc1ccc2c(c1)C(CCN(C)C)=Cc1ccccc1N2C,4.8,31.8
CCSc1ccc2c(c1)C(CCN(C)C)=Cc1ccccc1N2C.O.[OH-],CCS(=O)(=O)c1ccc2c(c1)C(CCN(C)C)=Cc1ccccc1N2C,3.5,49.0
Nc1cc2c(cc1Br)nc1n2CCC1.[C-]#N,N#Cc1cc2c(cc1Br)nc1n2CCC1,2.2,41.6
Cl.Nc1ccc2nc3n(c2c1)CCC3,Clc1ccc2nc3n(c2c1)CCC3,2.4,17.8
CCOC(=O)c1ccc2c(c1)nc1n2CCC1,O=C(O)c1ccc2c(c1)nc1n2CCC1,1.3,55.1
CC(C)(C)NN.O=C1CCCCC1.[C-]#N,CC(C)(C)NNC1(C#N)CCCCC1,1.9,47.8
CC(C)(C)NN.O=C1CCCCC1.[C-]#N,CC(C)(C)NNC1(C#N)CCCCC1,1.9,47.8
CC1CC(C)(C)CC(C#N)(NNC(C)(C)C)C1,CC1CC(C)(C)CC(C#N)(N=NC(C)(C)C)C1,4.0,48.5
C#N.CC(=NNC(C)(C)C)C1CC1,CC(C)(C)NNC(C)(C#N)C1CC1,1.3,47.8
CC(C)(C)NNC(C)(C#N)C1CC1,CC(C)(C)N=NC(C)(C#N)C1CC1,2.1,48.5
CC(C)(C)NNC(C)(C#N)C1CC1.O=C1CCCCCCC1,CC(C)(C)NNC1(C#N)CCCCCCC1,3.0,47.8
CC(C)(C)NNC1(C#N)CCCCCCC1,CC(C)(C)N=NC1(C#N)CCCCCCC1,3.8,48.5
CC(C)(C)NNC1(C#N)CCCCCC1,CC(C)(C)N=NC1(C#N)CCCCCC1,3.3,48.5
CC(CC(C)C)=NNC(C)(C)C.ClCl,CC(C)CC(C)(Cl)N=NC(C)(C)C,3.8,24.7
CCCCCCC(Cl)(CCCCCCCCCCC(=O)O)N=NC(C)(C)C.[C-]#N,CCCCCCC(C#N)(CCCCCCCCCCC(=O)O)N=NC(C)(C)C,7.7,85.8
CCOC(=O)CC(C)(C#N)N=NC(C)(C)C,CC(C)(C)N=NC(C)(C#N)CC(=O)O,0.9,85.8
CC(C)(C)N=NC(C)(C)C#N.NO,CC(C)(C)N=NC(C)(C)C(N)=NO,1.2,83.3
Nc1ccc(C(=O)O)c([N+](=O)[O-])c1.O=C(Cl)C1CC1,O=C(O)c1ccc(NC(=O)C2CC2)cc1[N+](=O)[O-],1.1,112.0
Nc1ccc(C(=O)O)cc1[N+](=O)[O-].O=C(Cl)C1CC1,O=C(O)c1ccc(NC(=O)C2CC2)c([N+](=O)[O-])c1,1.1,112.0
CCN(CC)CC.Nc1ccc(C(=O)O)cc1.O=C(Cl)C1CC1,O=C(O)c1ccc(NC(=O)C2CCCC2)cc1,2.8,66.4
Nc1ccc(C(=O)O)cc1.O=C(Cl)CCC1CCCC1,O=C(CCC1CCCC1)Nc1ccc(C(=O)O)cc1,3.1,66.4
Nc1ccc(C(=O)O)cc1.O=C(Cl)CCC1CCCCC1,O=C(CCC1CCCCC1)Nc1ccc(C(=O)O)cc1,3.7,66.4
Nc1ccc(C(=O)O)cc1.O=C(Cl)C1=CCCCC1,O=C(Nc1ccc(C(=O)O)cc1)C1=CCCCC1,2.5,66.4
Nc1ccc(C(=O)O)cc1.O=C(Cl)C1CC=CCC1,O=C(O)c1ccc(NC(=O)C2CC=CCC2)cc1,2.1,66.4
Nc1ccc(C(=O)O)cc1.O=C(Cl)C1CCCCCC1,O=C(O)c1ccc(NC(=O)C2CCCCCC2)cc1,3.2,66.4
Nc1ccc(C(=O)O)cc1.O=C(Cl)C1CCC=CCC1,O=C(O)c1ccc(NC(=O)C2CCC=CCC2)cc1,2.5,66.4
Nc1ccc(C(=O)O)cc1.O=C(Cl)CC1CC2CCC1C2,O=C(CC1CC2CCC1C2)Nc1ccc(C(=O)O)cc1,3.0,66.4
Nc1ccc(C(=O)O)c([N+](=O)[O-])c1.O=C(Cl)c1ccc([N+](=O)[O-])cc1,O=C(Nc1ccc(C(=O)O)c([N+](=O)[O-])c1)c1ccc([N+](=O)[O-])cc1,2.1,158.0
Nc1ccc(CC(=O)O)cc1.O=C(Cl)C1CCC1,O=C(O)Cc1ccc(NC(=O)C2CCC2)cc1,1.6,66.4
Nc1ccc(C(=O)O)c(O)c1.O=C(Cl)C1CCCC1,O=C(O)c1ccc(NC(=O)C2CCCC2)cc1O,3.2,86.6
COc1cc(C(=O)Cl)cc(OC)c1OC.Nc1ccc(C=CC(=O)O)cc1,COc1cc(C(=O)Nc2ccc(C=CC(=O)O)cc2)cc(OC)c1OC,2.6,94.1
C1COCCN1.C=O.CC(C)C(C(N)=S)c1ccccn1,CC(C)C(C(=S)NCN1CCOCC1)c1ccccn1,1.8,69.5
C1COCCN1.CCCCCC.CO.NC(=S)Cc1ccccn1,S=C(NCN1CCOCC1)C(c1ccccc1)c1ccccn1,2.2,69.5
CC(Cl)c1cscn1.CS(C)=O.[C-]#N,CC(C#N)c1cscn1,1.2,64.9
C[Mg]Cl.N#Cc1ccncn1.O=C([O-])[O-],CC(=O)c1ccncn1,0.2,42.8
C=CC(C#N)c1cccc(C)n1.S,C=CC(C(N)=S)c1cccc(C)n1,1.5,71.0
C1COCCN1.C=O.NC(=S)C(Cc1ccccc1)c1ccccn1,S=C(NCN1CCOCC1)C(Cc1ccccc1)c1ccccn1,2.5,69.5
C=O.CC(C)C(C(N)=S)c1ccccn1.CNc1ccccc1,CC(C)C(C(=S)NCN(C)c1ccccc1)c1ccccn1,4.0,60.2
NN1CC(=O)NC1=O.O=C(Cl)C=Cc1ccccc1,O=C(C=Cc1ccccc1)NN1CC(=O)NC1=O,0.7,78.5
Cc1ccc(C=CC(=O)O)cc1Cl.NN1CC(=O)NC1=O,Cc1ccc(C=CC(=O)NN2CC(=O)NC2=O)cc1Cl,1.7,78.5
NN1CC(=O)NC1=O.O=C(O)C=Cc1ccc(Cl)cc1,O=C(C=Cc1ccc(Cl)cc1)NN1CC(=O)NC1=O,1.4,78.5
NN1CC(=O)NC1=O.O=C(O)C=Cc1ccc(Cl)c(C(F)(F)F)c1,O=C(C=Cc1ccc(Cl)c(C(F)(F)F)c1)NN1CC(=O)NC1=O,2.2,78.5
NN1CC(=O)NC1=O.O=C(O)C=Cc1ccc(F)cc1,O=C(C=Cc1ccc(F)cc1)NN1CC(=O)NC1=O,0.8,78.5
CCc1ccc(C=CC(=O)O)cc1Cl.NN1CC(=O)NC1=O,CCc1ccc(C=CC(=O)NN2CC(=O)NC2=O)cc1Cl,2.2,78.5
NN1CC(=O)NC1=O.O=C(O)C=Cc1cccc(F)c1,O=C(C=Cc1cccc(F)c1)NN1CC(=O)NC1=O,0.8,78.5
O=C(O)CC(=O)O.O=Cc1ccc(F)c(Cl)c1,O=C(O)C=Cc1ccc(F)c(Cl)c1,2.6,37.3
CC(=O)OC(C)=O.CNC(=O)N1CC(=Cc2ccccc2)C2=NNC(c3ccccc3)C2C1,CNC(=O)N1CC(=Cc2ccccc2)C2=NN(C(C)=O)C(c3ccccc3)C2C1,2.1,65.0
CN(C)CC(=O)N1CC(=Cc2ccccc2)C2=NN(C)C(c3ccccc3)C2C1.OO,CN(C)CC(=O)N1CC(=Cc2ccccc2)C2=[N+]([O-])N(C)C(c3ccccc3)C2C1,2.5,55.5
C1COCCN1.Cc1cc2c(cc1Cl)c(-c1ccccc1)o[n+]2C(C)(C)C,Cc1cc2c(cc1Cl)C(c1ccccc1)(N1CCOCC1)ON2C(C)(C)C,4.9,24.9
C1COCCN1.CC(C)(C)[n+]1oc(-c2ccccc2)c2cc(Cl)ccc21,CC(C)(C)N1OC(c2ccccc2)(N2CCOCC2)c2cc(Cl)ccc21,4.6,24.9
CN=C=O.O=C(O)C(S)c1ccccc1,CNC(=O)SC(C(=O)O)c1ccccc1,1.8,91.7
CC(=O)OCC1=C(C(=O)O)N2C(=O)[C@@H](N)[C@H]2SC1.Cc1nnc(S)s1,Cc1nnc(SCC2=C(C(=O)O)N3C(=O)C(N)C3SC2)s1,-3.2,188.0
NCc1cccnc1.O=C(O)C1Oc2ccc(Cl)cc2Cc2cc(Cl)ccc2O1,O=C(NCc1cccnc1)C1Oc2ccc(Cl)cc2Cc2cc(Cl)ccc2O1,4.7,60.4
Cc1ccc(O)c(Cc2cc(C)ccc2O)c1.O=C(O)C(Cl)Cl,Cc1ccc2c(c1)Cc1cc(C)ccc1OC(C(=O)O)O2,4.0,55.8
CO.Cc1ccc2c(c1)Cc1cc(C)ccc1OC(C(=O)O)O2,COC(=O)C1Oc2ccc(C)cc2Cc2cc(C)ccc2O1,4.3,44.8
Cc1c(CS(C)=O)[n+]([O-])c2ccccc2[n+]1[O-],CS(=O)Cc1c[n+]([O-])c2ccccc2[n+]1[O-],-1.0,82.7
CCCS(=O)Cc1c[n+]([O-])c2ccccc2[n+]1[O-],CCS(=O)Cc1c[n+]([O-])c2ccccc2[n+]1[O-],-0.7,82.7
COC(=O)c1c(CSC)[n+]([O-])c2ccccc2[n+]1[O-].O=C(OO)c1cccc(Cl)c1,COC(=O)c1c(CS(C)=O)[n+]([O-])c2ccccc2[n+]1[O-],-0.8,109.0
CCS(=O)(=O)Cc1c(C(=O)OC)[n+]([O-])c2ccccc2[n+]1[O-],CCS(=O)(=O)Cc1c[n+]([O-])c2ccccc2[n+]1[O-],-0.5,88.9
Cc1cc2cccc(C)c2o1.Cc1cccc2ccoc12,Cc1cccc2cc(C=O)oc12,2.5,30.2
CC(=O)C(=NO)C(C)C.CC(=O)CC(C)C.O=NCl,Cc1nc(C(C)C)c(C)nc1C(C)C,2.9,25.8
CCCCC(=NO)C(C)=O.CCCCCC(C)=O.O=NCl,CCCCc1nc(C)c(CCCC)nc1C,4.0,25.8
CCCCCC(=NO)C(C)=O.CCCCCCC(C)=O.O=NCl,CCCCCc1nc(C)c(CCCCC)nc1C,5.1,25.8
CCCCCCC(=NO)C(C)=O.CCCCCCCC(C)=O.O=NCl,CCCCCCc1nc(C)c(CCCCCC)nc1C,6.2,25.8
Cc1ccc(CBr)o1.c1coc(COCc2ccco2)c1,Cc1ccc(COCc2ccco2)o1,1.7,35.5
CC(C)CC=O.Cc1cscn1,Cc1csc(C(O)CC(C)C)n1,2.2,61.4
Cc1cccc2ccoc12.O=Cc1cc2ccccc2o1,Cc1cccc2cc(C=O)oc12,2.5,30.2
CC(=O)Cl.c1coc(Cn2cccc2)c1,CC(=O)c1cccn1Cc1ccco1,1.4,35.1
CCC(=O)Cl.Cc1cscn1,CCC(=O)c1nc(C)cs1,1.8,58.2
CC(=O)N(C)C.Nc1nc(=O)c2cccnc2n1Cc1ccc(F)cc1,Cn1c(=O)c2cccnc2n(Cc2ccc(F)cc2)c1=N,1.8,60.3
Clc1ccc2c(Cl)ncnc2c1.NCCCCCCCCCN,Clc1ccc2c(NCCCCCCCCCNc3ncnc4cc(Cl)ccc34)ncnc2c1,7.8,75.6
BrCCBr.COC(=O)c1ccc(O)c(O)c1,COC(=O)c1ccc2c(c1)OCCO2,0.6,44.8
COC(=O)c1ccc2c(c1)OCCO2.O=[N+]([O-])O,COC(=O)c1cc2c(cc1[N+](=O)[O-])OCCO2,1.3,90.6
COC(=O)c1cc2c(cc1[N+](=O)[O-])OCCO2,COC(=O)c1cc2c(cc1N)OCCO2,1.4,70.8
COC(=O)c1cc2c(cc1N)OCCO2.NC=O,O=c1[nH]cnc2cc3c(cc12)OCCO3,0.4,59.9
O=P(Cl)(Cl)Cl.O=c1[nH]cnc2cc3c(cc12)OCCO3,Clc1ncnc2cc3c(cc12)OCCO3,2.2,44.2
CCN(CC)c1nc(O)cc(O)n1.COS(=O)(=O)OC,CCN(CC)c1nc(O)cc(OC)n1,0.2,53.9
CCOS(=O)(=O)OCC.CN(C)c1nc(O)cc(O)n1,CCOc1cc(O)nc(N(C)C)n1,-0.2,53.9
CCOS(=O)(=O)OCC.COc1nc(O)cc(O)n1,CCOc1cc(O)nc(OC)n1,0.2,59.9
COS(=O)(=O)OC.COc1nc(O)cc(O)n1,COc1cc(O)nc(OC)n1,-0.1,59.9
CCOS(=O)(=O)OCC.CSc1nc(O)cc(O)n1,CCOc1cc(O)nc(SC)n1,0.8,76.0
CCCOS(=O)(=O)c1ccc(C)cc1.CN(C)c1nc(O)cc(O)n1,CCCOc1cc(O)nc(N(C)C)n1,0.4,53.9
CC(C)(C)[O-].CNc1nc(=O)c2cccnc2n1Cc1ccc(F)cc1,CN(C)c1nc(=O)c2cccnc2n1Cc1ccc(F)cc1,1.7,48.8
CC#N.O=C1CCCc2ccccc21,NCCC1=CCCc2ccccc21,1.9,26.0
CCOC(=O)CCl.COc1ccc(C=O)cc1,CCOC(=O)C1OC1c1ccc(OC)cc1,1.7,48.1
CCOC(=O)C1OC1c1ccc(OC)cc1.NCCC1=CCCc2ccccc21,COc1ccc(CC2NCCC3=C2CCc2ccccc23)cc1,3.5,21.3
CNC(=O)CCC(=O)c1ccc(O)cc1.ClCC1CO1,CNC(=O)CCC(=O)c1ccc(OCC2CO2)cc1,0.5,67.9
CC(C)N.CNC(=O)CCC(=O)c1ccc(OCC2CO2)cc1,CNC(=O)CCC(=O)c1ccc(OCC(O)CNC(C)C)cc1,0.1,87.7
CNC(=O)CCC(=O)c1ccc(OCC(O)CNC(C)C)cc1.NN,CC(C)NCC(O)COc1ccc(C2=NNC(=O)CC2)cc1,0.6,83.0
BrCC1CO1.COC(=O)CCC(=O)c1ccccc1O,COC(=O)CCC(=O)c1ccccc1OCC1CO1,1.0,65.1
CC(C)N.COC(=O)CCC(=O)c1ccccc1OCC1CO1,COC(=O)CCC(=O)c1ccccc1OCC(O)CNC(C)C,1.1,84.9
CC(C)N.CN1N=C(c2ccccc2OCC2CO2)CCC1=O,CC(C)NCC(O)COc1ccccc1C1=NN(C)C(=O)CC1,0.8,74.2
ClCC1CO1.O=C1CCC(c2ccc(O)c3ccccc23)=NN1,O=C1CCC(c2ccc(OCC3CO3)c3ccccc23)=NN1,1.8,63.2
C=CCc1ccc(C(=O)CCC(=O)OC)cc1O.NN,C=CCc1ccc(C2=NNC(=O)CC2)cc1O,1.6,61.7
C=CCBr.O=C1CCC(c2cccc(O)c2)=NN1,C=CCOc1cccc(C2=NNC(=O)CC2)c1,1.5,50.7
C=CCBr.O=C1CCC(c2ccc(O)cc2)=NN1,C=CCOc1ccc(C2=NNC(=O)CC2)cc1,1.5,50.7
C=CCOc1ccc(C2=NNC(=O)CC2)cc1.CN(C)c1ccccc1,C=CCc1cc(C2=NNC(=O)CC2)ccc1O,1.6,61.7
C=CCc1cc(C2=NNC(=O)CC2)ccc1O.ClCC1CO1,C=CCc1cc(C2=NNC(=O)CC2)ccc1OCC1CO1,1.7,63.2
ClCC1CO1.O=C1CCC(c2cccc(O)c2)=NN1,O=C1CCC(c2cccc(OCC3CO3)c2)=NN1,0.6,63.2
CC(C)(C)N.COc1cc(C2=NNC(=O)CC2)ccc1OCC1CO1,COc1cc(C2=NNC(=O)CC2)ccc1OCC(O)CNC(C)(C)C,0.8,92.2
Cc1ccc(C(=O)CCC(=O)O)cc1O.NN,Cc1ccc(C2=NNC(=O)CC2)cc1O,0.9,61.7
Cc1ccc(C2=NNC(=O)CC2)cc1O.ClCC1CO1,Cc1ccc(C2=NNC(=O)CC2)cc1OCC1CO1,1.0,63.2
CC(C)(C)N.Cc1ccc(C2=NNC(=O)CC2)cc1OCC1CO1,Cc1ccc(C2=NNC(=O)CC2)cc1OCC(O)CNC(C)(C)C,1.2,83.0
CC(C)(C)N.O=C1CCC(c2ccc(OCC3CO3)c([N+](=O)[O-])c2)=NN1,CC(C)(C)NCC(O)COc1ccc(C2=NNC(=O)CC2)cc1[N+](=O)[O-],0.7,129.0
OCCN(CCO)c1cc(Br)ccc1O,Oc1ccc(Br)cc1N1CCOCC1,2.0,32.7
O=C(O)CCC(=O)c1cc([N+](=O)[O-])ccc1O,Nc1ccc(O)c(C(=O)CCC(=O)O)c1,0.6,101.0
CC(=O)OC(C)=O.Nc1ccc(O)c(C(=O)CCC(=O)O)c1,CC(=O)Nc1ccc(O)c(C(=O)CCC(=O)O)c1,0.4,104.0
CC(=O)Nc1ccc(O)c(C(=O)CCC(=O)O)c1.ClC(Cl)Cl,COC(=O)CCC(=O)c1cc(NC(C)=O)ccc1O,0.7,92.7
BrCC1CO1.COC(=O)CCC(=O)c1cc(NC(C)=O)ccc1O,COC(=O)CCC(=O)c1cc(NC(C)=O)ccc1OCC1CO1,0.2,94.2
COC(=O)CCC(=O)c1cc(NC(C)=O)ccc1OCC(O)CNC(C)(C)C.NN,CC(=O)Nc1ccc(OCC(O)CNC(C)(C)C)c(C2=NNC(=O)CC2)c1,0.0,112.0
Nc1cc(C(=O)CCC(=O)O)ccc1F.O=N[O-],O=C(O)CCC(=O)c1ccc(F)c(O)c1,0.8,74.6
CCOC(=O)CCC(=O)c1ccc(OC)c(OC)c1,CCOC(=O)CCC(=O)c1ccc(O)c(O)c1,1.0,83.8
O=C(O)CCC(=O)c1ccc(F)cc1.O=[N+]([O-])O,O=C(O)CCC(=O)c1ccc(F)c([N+](=O)[O-])c1,1.0,100.0
CC(=O)Oc1cc(C(=O)C(C)CC(=O)O)ccc1[N+](=O)[O-],CC(CC(=O)O)C(=O)c1ccc([N+](=O)[O-])c(O)c1,1.6,120.0
Nc1ccc(C(=O)CCC(=O)O)cc1[N+](=O)[O-].[C-]#N,N#Cc1ccc(C(=O)CCC(=O)O)cc1[N+](=O)[O-],0.6,124.0
O=C(O)CCC(=O)c1ccc([N+](=O)[O-])c(OCc2ccccc2)c1,Nc1ccc(C(=O)CCC(=O)O)cc1OCc1ccccc1,1.8,89.6
Nc1ccc(C(=O)CCC(=O)O)cc1OCc1ccccc1.O=N[O-].[C-]#N,N#Cc1ccc(C(=O)CCC(=O)O)cc1OC(=O)c1ccccc1,2.2,105.0
N#Cc1ccc(C(=O)CCC(=O)O)cc1OCc1ccccc1,N#Cc1ccc(C(=O)CCC(=O)O)cc1O,1.0,98.4
COC(=O)CCC(=O)c1cc(NC(C)=O)ccc1OCC(O)CNC(C)(C)C.NN,CC(C)(C)NCC(O)COc1ccc(N)cc1C1=NNC(=O)CC1,0.2,109.0
CC(C)(C)NCC(O)COc1ccc(N)cc1C(=O)CCC(=O)O.O=C([O-])[O-],COC(=O)CCC(=O)c1cc(N)ccc1OCC(O)CNC(C)(C)C,0.6,111.0
CNc1ccc(OCC(O)CNC(C)(C)C)c(C(=O)CCC(=O)O)c1.NN,CNc1ccc(OCC(O)CNC(C)(C)C)c(C2=NNC(=O)CC2)c1,0.8,95.0
CCC1N=CC(C)C(CC)N1,CCc1ncc(C)cc1C,2.4,12.9
O=[PH]1CCCc2ccccc21.OO,O=P1(O)CCCc2ccccc21,0.8,37.3
O=P1(O)CCCc2ccccc21.O=S(Cl)Cl,O=P1(Cl)CCCc2ccccc21,2.1,17.1
C=CP1(=O)CCCc2ccccc21,C=CP1(=O)CC=Cc2ccccc21,1.8,17.1
C=CP(=O)(C=C)c1ccccc1.CN,CN1CCP(=O)(c2ccccc2)CC1,0.7,20.3
BrCCc1ccccc1.ClP(Cl)CCCc1ccccc1,ClP(Cl)CCc1ccccc1,3.6,0.0
CCP1(=O)CCCc2ccccc21,CCP1(=O)C=Cc2ccccc21,1.4,17.1
C=CP1(=O)C=C(Br)c2ccccc21,C=CP1(=O)C=Cc2ccccc21,1.6,17.1
COC(=O)c1c(OC)cc(CC(C#N)=CN2CCOCC2)cc1OC.Nc1ccccc1,COC(=O)c1c(OC)cc(CC(C#N)=CNc2ccccc2)cc1OC,4.0,80.6
CCO.COC(=O)c1cc(OC)c(Cc2cnc(N)nc2N)c(OC)c1,CCOC(=O)c1cc(OC)c(Cc2cnc(N)nc2N)c(OC)c1,2.1,123.0
CCOC(=O)c1c(OCC)cc(C(=O)Cl)cc1OCC,CCOC(=O)c1c(OCC)cc(C=O)cc1OCC,2.3,61.8
CCOC(=O)c1c(OCC)cc(CC(C#N)=CN2CCOCC2)cc1OCC.CC[O-].CS(C)=O.N=C(N)N.O=C(O)O,CCOC(=O)c1cc(OCC)c(Cc2cnc(N)nc2N)c(OCC)c1,1.9,123.0
COC(=O)c1cc(OC)c(C#N)c(OC)c1,COC(=O)c1cc(OC)c(CN)c(OC)c1,0.6,70.8
CCOc1cc(Cc2cnc(N)nc2N)cc(OCC)c1C(=O)CS(C)(=O)=O,CCOc1cc(Cc2cnc(N)nc2N)cc(OCC)c1C(C)=O,2.0,113.0
COc1cc(Cc2cnc(N)nc2N)cc(OC)c1C(=O)CS(C)(=O)=O,COc1cc(Cc2cnc(N)nc2N)cc(OC)c1C(C)=O,1.1,113.0
CCOc1cc(Cc2cnc(N)nc2N)cc(OCC)c1C(=O)CS(C)(=O)=O,CCOc1cc(Cc2cnc(N)nc2N)cc(OCC)c1C(O)CS(C)(=O)=O,0.2,159.0
COc1cc(Cc2cnc(N)nc2NC(C)=O)cc(OC)c1C(C)(C)O,COc1cc(Cc2cnc(N)nc2N)cc(OC)c1C(C)(C)O,1.5,117.0
CCOC(=O)CC#N.COC(=O)c1c(OC)cc(C=O)cc1OC,CCOC(=O)C(C#N)=Cc1cc(OC)c(C(=O)OC)c(OC)c1,2.3,94.8
CCOC(=O)C(C#N)=CC1C=C(OC)C(OC)=C(OC)C1=C=O,CCOC(=O)C(C#N)=CC1C=C(OC)C(C(=O)OC)=C(OC)C1,1.5,94.8
COC(=O)c1cc(OC)c(Cc2c(N)nc(N)nc2O)c(OC)c1.O=P(Cl)(Cl)Cl,COC(=O)c1cc(OC)c(Cc2c(N)nc(N)nc2Cl)c(OC)c1,2.2,123.0
CC1CC(=O)CC(C)C1.[C-]#N,CC1CC(C)CC(O)(C#N)C1,1.8,44.0
CCOC(=O)C1(O)CC(C)CC(C)C1.N=C(N)N,CC1CC(C)CC2(C1)OC(N)=NC2=O,2.1,62.2
CCc1ccc(C(c2ccccc2)C2CCN(CCCC(=O)c3ccc(F)cc3)CC2)cc1,CCc1ccc(C(c2ccccc2)C2CCN(CCCC(=O)c3ccc(N4CCCCC4)cc3)CC2)cc1,7.9,23.6
C[n+]1ccccc1C=Cc1ccccc1[N+](=O)[O-],CN1CCCCC1CCc1ccccc1N,2.8,29.3
O=[N+]([O-])c1ccccc1C=Cc1ccccn1,Nc1ccccc1CCc1ccccn1,2.4,38.9
CC(=O)OC(C)=O.Nc1ccccc1CCc1ccccn1,O=CNc1ccccc1CCc1ccccn1,2.3,42.0
C[n+]1ccccc1CCc1ccccc1NC=O,CN1CCCCC1CCc1ccccc1NC=O,2.7,32.3
COc1ccc([N+](=O)[O-])c(C=Cc2ccccn2)c1,COc1ccc(N)c(CCc2ccccn2)c1,2.4,48.1
CCN(CC)C(=O)c1ccc(C)nc1,NC(=O)c1cccnc1,-0.4,56.0
CCN(CC)C(=O)c1ccc(C=Cc2ccccc2[N+](=O)[O-])nc1,CCN(CC)C(=O)c1ccc(CCc2ccccc2N)nc1,2.6,59.2
CCN(CC)C(=O)c1ccc(CCc2ccccc2NC=O)[n+](C)c1,CCN(CC)C(=O)C1CCC(CCc2ccccc2NC=O)N(C)C1,2.5,52.6
CCc1ccc(C=Cc2ccccc2[N+](=O)[O-])nc1,CCc1ccc(CCc2ccccc2N)nc1,3.2,38.9
CC(=O)OC(C)=O.CCc1ccc(CCc2ccccc2N)nc1,CCc1ccc(CCc2ccccc2NC=O)nc1,3.1,42.0
CN1CCCCC1CCc1ccccc1N.O=C(Cl)C=Cc1ccccc1,CN1CCCCC1CCc1ccccc1NC(=O)C=Cc1ccccc1,4.7,32.3
CN1CCCCC1CCc1ccccc1N.O=C(Cl)c1ccc([N+](=O)[O-])cc1,CN1CCCCC1CCc1ccccc1NC(=O)c1ccc([N+](=O)[O-])cc1,4.2,78.2
CN1CCCCC1CCc1ccccc1NC(=O)c1ccc([N+](=O)[O-])cc1,CN1CCCCC1CCc1ccccc1NC(=O)c1ccc(N)cc1,3.6,58.4
CC(=O)Oc1ccc(C(=O)Cl)cc1.CN1CCCCC1CCc1ccccc1N,CC(=O)Oc1ccc(C(=O)Nc2ccccc2CCC2CCCCN2C)cc1,4.1,58.6
CN1CCCCC1CCc1ccccc1N.Cc1ccc(C(=O)Cl)cc1,Cc1ccc(C(=O)Nc2ccccc2CCC2CCCCN2C)cc1,4.7,32.3
CCOC(=O)c1ccccn1.CN1CCCCC1CCc1ccccc1N,CN1CCCCC1CCc1ccccc1NC(=O)c1ccccn1,3.6,45.2
CC(=O)OC(C)=O.CCc1ccccn1.O=Cc1ccccc1[N+](=O)[O-],CC(=Cc1ccccn1)c1ccccc1[N+](=O)[O-],3.6,58.7
CC(Cc1ccccc1N)C1CCCCN1C.COc1ccc(C(=O)Cl)cc1,COc1ccc(C(=O)Nc2ccccc2CC(C)C2CCCCN2C)cc1,4.7,41.6
CC[n+]1ccccc1CCc1ccccc1NC=O,CCN1CCCCC1CCc1ccccc1NC=O,3.0,32.3
CCN1CCCCC1CCc1ccccc1NC=O,CCN1CCCCC1CCc1ccccc1N,3.2,29.3
CCN1CCCCC1CCc1ccccc1N.COc1ccc(C(=O)Cl)cc1,CCN1CCCCC1CCc1ccccc1NC(=O)c1ccc(OC)cc1,4.7,41.6
CCOC(=O)c1ccoc1.CN1CCCCC1CCc1ccccc1N,CN1CCCCC1CCc1ccccc1NC(=O)c1ccoc1,3.4,45.5
CCN1CCCCC1CCc1ccccc1N.O=C(Cl)C=Cc1ccccc1,CCN1CCCCC1CCc1ccccc1NC(=O)C=Cc1ccccc1,5.1,32.3
C#CC(=O)OCC.CN1CCCCC1CCc1ccccc1N,CN1CCCCC1CCc1ccccc1NC(=O)C#Cc1ccccc1,4.9,32.3
CN1CCCCC1CCCc1ccccc1N.COc1ccc(C(=O)Nc2ccccc2CCCC2CCCCN2C)cc1,CN1CCCCC1CCCc1ccccc1NC(=O)C=Cc1ccccc1,5.1,32.3
COc1ccc(C(=O)Cl)cc1.O=[N+]([O-])c1cc2c(cc1C=Cc1ccccn1)OCO2,COc1ccc(C(=O)Nc2cc3c(cc2CCc2ccccn2)OCO3)cc1,3.7,69.7
COc1ccc(C(=O)Nc2ccccc2C=O)cc1.[Li]c1ccccn1,COc1ccc(C(=O)Nc2ccccc2C(O)c2ccccn2)cc1,3.1,71.4
COc1ccc(C(=O)Nc2ccccc2C(O)c2ccccn2)cc1,COc1ccc(C(=O)Nc2ccccc2Cc2ccccn2)cc1,3.6,51.2
C1CCOC1.COc1ccc(C(=O)Nc2ccccc2C(=O)c2ccccn2)cc1,COc1ccc(C(=O)Nc2ccccc2C(C)(O)c2ccccn2)cc1,3.2,71.4
COc1ccc(C(=O)NC2C=CC=CC2=C(C)c2ccccn2)cc1,COc1ccc(C(=O)Nc2ccccc2C(C)c2ccccn2)cc1,3.9,51.2
CC(Cc1ccccn1)c1ccc(Br)cc1.O=[N+]([O-])O,CC(Cc1ccccn1)c1ccc(Br)cc1[N+](=O)[O-],4.0,58.7
CC(=O)O.O=c1c2cc(CBr)ccc2oc2ncccc12,O=Cc1ccc2oc3ncccc3c(=O)c2c1,1.7,56.3
OC1c2ccccc2Oc2ncccc21,c1ccc2c(c1)Cc1cccnc1O2,2.7,22.1
CC(=O)O.ClCc1ccc2c(c1)Cc1cccnc1O2,O=Cc1ccc2c(c1)Cc1cccnc1O2,2.2,39.2
CC(C)I.O=Cc1ccc2c(c1)Cc1cccnc1O2,CC(C)C(O)c1ccc2c(c1)Cc1cccnc1O2,3.2,42.4
CC(C)C(O)c1ccc2c(c1)Cc1cccnc1O2.O=[Mn](=O)(=O)[O-],CC(C)C(O)c1ccc2oc3ncccc3c(=O)c2c1,2.7,59.4
O=c1c2cc(C=NO)ccc2oc2ncccc12,N#Cc1ccc2oc3ncccc3c(=O)c2c1,1.9,63.0
O=C([O-])c1ccc2oc3ncccc3c(=O)c2c1.O=S(Cl)Cl,O=C(Cl)c1ccc2oc3ncccc3c(=O)c2c1,2.7,56.3
CCOC(=O)CC(=O)OCC.O=C(Cl)c1ccc2oc3ncccc3c(=O)c2c1,CCOC(=O)C(C(=O)OCC)C(=O)c1ccc2oc3ncccc3c(=O)c2c1,2.8,109.0
CC(=O)c1ccc(O)cc1.O=C(O)c1cccnc1Cl,CC(=O)c1ccc(Oc2ncccc2C(=O)O)cc1,1.9,76.5
CC(=O)c1ccc(Oc2ncccc2C(=O)Cl)cc1,CC(=O)c1ccc2oc3ncccc3c(=O)c2c1,1.9,56.3
CC(=O)Cl.c1ccc2c(c1)Cc1cccnc1O2,CC(=O)c1ccc2c(c1)Cc1cccnc1O2,2.4,39.2
CC(=O)Cl.CC1(C)c2ccccc2Oc2ncccc21,CC(=O)c1ccc2c(c1)C(C)(C)c1cccnc1O2,3.3,39.2
CCOC(=O)C(C(=O)OCC)C(=O)c1ccc2oc3ncccc3c(=O)c2c1,CC(=O)c1ccc2oc3ncccc3c(=O)c2c1,1.9,56.3
CC(=O)c1ccc2c(c1)Cc1cccnc1O2.O=[Mn](=O)(=O)[O-],CC(=O)c1ccc2oc3ncccc3c(=O)c2c1,1.9,56.3
CC(C)C(O)c1ccc2oc3ncccc3c(=O)c2c1,CC(C)C(=O)c1ccc2oc3ncccc3c(=O)c2c1,3.0,56.3
CC(C)C(O)c1ccc2c(c1)Cc1cccnc1O2.O=[Mn](=O)(=O)[O-],CC(C)C(=O)c1ccc2oc3ncccc3c(=O)c2c1,3.0,56.3
O=C(O)c1ccc(Oc2ncccc2C(=O)O)cc1,O=C(O)c1ccc2oc3ncccc3c(=O)c2c1,1.8,76.5
CC(=O)O.N#Cc1ccc2oc3ncccc3c(=O)c2c1,O=C(O)c1ccc2oc3ncccc3c(=O)c2c1,1.8,76.5
CC(C)OC(=O)c1ccc2c(c1)Cc1cccnc1O2,O=C(O)c1ccc2c(c1)Cc1cccnc1O2,2.2,59.4
CCO.O=C(O)c1ccc2oc3ncccc3c(=O)c2c1,CCOC(=O)c1ccc2oc3ncccc3c(=O)c2c1,2.4,65.5
CCc1ccc2oc3ncccc3c(=O)c2c1.[O-2],CC(=O)c1ccc2oc3ncccc3c(=O)c2c1,1.9,56.3
CC(=O)Nc1ccc(OCc2nc(Cl)ccc2Cl)cc1.[NH4+],Nc1ccccc1OCc1nc(Cl)ccc1Cl,3.3,48.1
CNOC.O=C=Nc1ccc(OCc2nc(Cl)ccc2Cl)cc1,CON(C)C(=O)Nc1ccc(OCc2nc(Cl)ccc2Cl)cc1,3.2,63.7
CN(C)C(=O)Cl.Nc1ccc(SCc2nc(Cl)ccc2Cl)cc1,CN(C)C(=O)Nc1ccc(SCc2nc(Cl)ccc2Cl)cc1,3.7,70.5
O=C(O)c1nc(Cl)ccc1Cl.OCc1nc(Cl)ccc1Cl,ClCc1nc(Cl)ccc1Cl,2.9,12.9
O=C=Nc1ccc([N+](=O)[O-])cc1.OCc1cccnc1,O=C(Nc1ccc([N+](=O)[O-])cc1)OCc1cccnc1,1.8,97.0
O=C=Nc1ccc(C(F)(F)F)cc1.OCc1cccnc1,O=C(Nc1ccc(C(F)(F)F)cc1)OCc1cccnc1,2.8,51.2
CSc1ccc(NC(=O)OCc2cccnc2)cc1.O,CS(=O)c1ccc(NC(=O)OCc2cccnc2)cc1,1.1,87.5
NCc1cccnc1.O=C=Nc1ccc([N+](=O)[O-])cc1,O=C(NCc1cccnc1)Nc1ccc([N+](=O)[O-])cc1,1.2,99.8
CC(C)(C)Sc1ccc([N+](=O)[O-])cc1.O=C(Cl)Cl,O=C=Nc1ccc(S)cc1,2.9,30.4
NCc1cccnc1.O=C=Nc1ccc(S)cc1,O=C(NCc1cccnc1)Nc1ccc(S)cc1,1.5,55.0
CC(=O)Nc1ccc(S)cc1.Clc1cccc(Cl)n1,CC(=O)Nc1ccc(Sc2cccc(Cl)n2)cc1,3.4,67.3
CCC(=O)Cl.Nc1ccc(Oc2cccc(Cl)n2)c(Cl)c1,CCC(=O)Nc1ccc(Oc2cccc(Cl)n2)c(Cl)c1,4.0,51.2
Nc1ccc(Oc2cccc(Cl)n2)cc1.O=C(Cl)Cl,O=C=Nc1ccc(Oc2cccc(Cl)n2)cc1,4.5,51.6
Nc1ccc(Oc2cccc(Cl)n2)cc1.S=C(Cl)Cl,S=C=Nc1ccc(Oc2cccc(Cl)n2)cc1,5.1,66.6
CC1CCC(C)N1.O.S=C=Nc1ccc(Oc2cccc(Cl)n2)cc1,CC1CCC(C)N1C(=O)Nc1ccc(Oc2cccc(Cl)n2)cc1,4.2,54.5
CN(C(N)=O)c1ccc(Oc2cccc(Cl)n2)cc1.ClSc1ccc(Cl)cc1.c1ccncc1,CN(Sc1ccc(Cl)cc1)C(=O)Nc1ccc(Oc2cccc(Cl)n2)cc1,5.5,79.8
CN(C)C(=O)Nc1ccc(O)cc1.[O-][n+]1c(Cl)cccc1Cl.[OH-],C[N+](C)([O-])C(=O)Nc1ccc(Oc2cccc(Cl)n2)cc1,2.6,69.3
CC(C)N.Clc1nc(Cl)c2cscc2n1,CC(C)Nc1nc(Cl)nc2cscc12,3.3,66.0
CC[O-].Clc1nc(Cl)c2cscc2n1,CCOc1nc(Cl)nc2cscc12,2.9,63.2
CC(C)Nc1nc(Cl)nc2cscc12,CC(C)Nc1ncnc2cscc12,2.3,66.0
C1COCCN1.CC(C)Nc1nc(Cl)nc2cscc12,CC(C)Nc1nc(N2CCOCC2)nc2cscc12,2.4,78.5
CCOC(=O)c1c(NC(N)=O)csc1C.Cc1scc2nc(O)nc(O)c12,CCCNc1nc(NC(C)C)c2c(C)scc2n1,3.9,78.1
CCCN.CCOc1nc(OCC)c2cscc2n1,CCCNc1nc(OCC)nc2cscc12,3.1,75.3
CC(C)Nc1nc(Cl)nc2cscc12.CC[O-],CCOc1nc(NC(C)C)c2cscc2n1,3.0,75.3
CC(=O)O[C@]1(C(C)=O)CC[C@H]2[C@H]3[C@H](CC[C@@]21C)[C@@]1(C)CCC(=O)C=C1[C@H](OS(C)(=O)=O)[C@@H]3OS(C)(=O)=O.[N-]=[N+]=[N-],CC(=O)O[C@]1(C(C)=O)CC[C@H]2[C@@H]3C=C(N=[N+]=[N-])C4=CC(=O)CC[C@]4(C)[C@H]3CC[C@@]21C,3.9,74.8
CC(=O)O[C@]1(C(C)=O)CC[C@H]2[C@H]3[C@H](CC[C@@]21C)[C@@]1(C)C=CC(=O)C=C1[C@H](OS(C)(=O)=O)[C@@H]3OS(C)(=O)=O.[N-]=[N+]=[N-],CC(=O)O[C@]1(C(C)=O)CC[C@H]2[C@@H]3C=C(N=[N+]=[N-])C4=CC(=O)C=C[C@]4(C)[C@H]3CC[C@@]21C,4.1,74.8
C[C@]12CC[C@H]3[C@@H]([C@H](O)[C@H](O)C4=CC(=O)CC[C@@]43C)[C@@H]1CCC2=O.[N-]=[N+]=[N-],C[C@]12CC[C@H]3[C@@H](C=C(N=[N+]=[N-])C4=CC(=O)CC[C@@]43C)[C@@H]1CCC2=O,3.4,48.5
C[C@]12C=CC(=O)C=C1[C@H](OS(C)(=O)=O)[C@H](OS(C)(=O)=O)[C@@H]1[C@@H]2CC[C@]2(C)C(=O)CC[C@@H]12.[N-]=[N+]=[N-],C[C@]12C=CC(=O)C=C1C(N=[N+]=[N-])=C[C@@H]1[C@@H]2CC[C@]2(C)C(=O)CC[C@@H]12,3.6,48.5
CC(C)CCC[C@@H](C)[C@H]1CC[C@H]2[C@H]3[C@H](CC[C@@]21C)[C@@]1(C)CCC(=O)C=C1[C@H](OS(C)(=O)=O)[C@@H]3OS(C)(=O)=O.[N-]=[N+]=[N-],CC(C)CCC[C@@H](C)[C@H]1CC[C@H]2[C@@H]3C=C(N=[N+]=[N-])C4=CC(=O)CC[C@]4(C)[C@H]3CC[C@@]21C,8.9,31.4
C=C1C[C@H]2[C@H]3[C@H](CC[C@]2(C)[C@@]1(O)C(C)=O)[C@@]1(C)CCC(=O)C=C1[C@H](OS(C)(=O)=O)[C@@H]3OS(C)(=O)=O.[N-]=[N+]=[N-],C=C1C[C@H]2[C@@H]3C=C(N=[N+]=[N-])C4=CC(=O)CC[C@]4(C)[C@H]3CC[C@]2(C)[C@@]1(O)C(C)=O,3.3,68.7
CS(=O)(=O)Cl.C[C@]12CC[C@H]3[C@@H]([C@H](O)[C@@H](O)C4=CC(=O)CC[C@@]43C)[C@@H]1CCC2=O,C[C@]12CC[C@H]3[C@@H]([C@H](OS(C)(=O)=O)[C@@H](OS(C)(=O)=O)C4=CC(=O)CC[C@@]43C)[C@@H]1CCC2=O,0.7,138.0
CC(=O)O.N#CCc1ccc2c(c1)Cc1cccnc1O2,O=C(O)Cc1ccc2c(c1)Cc1cccnc1O2,2.2,59.4
CN(C)C=O.ClCc1ccc2c(c1)Cc1cccnc1O2,N#CCc1ccc2c(c1)Cc1cccnc1O2,2.4,45.9
CC(=O)O.N#CCc1ccc2oc3ncccc3c(=O)c2c1,O=C(O)Cc1ccc2oc3ncccc3c(=O)c2c1,1.7,76.5
CCOC(=O)OCC.CI.N#CCc1ccc2c(c1)Cc1cccnc1O2,CCOC(=O)C(C)(C#N)c1ccc2c(c1)Cc1cccnc1O2,3.2,72.2
CCOC(=O)C(C)(C#N)c1ccc2oc3ncccc3c(=O)c2c1,CC(C(=O)O)c1ccc2oc3ncccc3c(=O)c2c1,2.3,76.5
CC(C(=O)O)c1ccc2oc3ncccc3c(=O)c2c1,CC(C(=O)O)c1ccc2c(c1)Cc1cccnc1O2,2.7,59.4
CC(C(=O)O)c1ccc2sc3ncccc3c(=O)c2c1,CC(C(=O)O)c1ccc2c(c1)Cc1cccnc1S2,3.3,75.5
C=C(C(=O)O)c1ccc2c(c1)Cc1cccnc1O2,CC(C(=O)O)c1ccc2c(c1)Cc1cccnc1O2,2.7,59.4
CC(Cl)(C(=O)O)c1ccc2c(c1)Cc1cccnc1O2,CC(C(=O)O)c1ccc2c(c1)Cc1cccnc1O2,2.7,59.4
CC(Br)c1ccc2c(c1)Cc1cccnc1O2.O=C=O,CC(C(=O)O)c1ccc2c(c1)Cc1cccnc1O2,2.7,59.4
CCOC(=O)C(=O)[O-].N#CCc1ccccc1,CCOC(=O)C(=O)C(C#N)c1ccccc1,1.9,67.2
CCOC(=O)C(=O)C(C#N)c1ccccc1.N#CCc1ccccc1,N#CC(C(=O)C(=O)C(C#N)c1ccccc1)c1ccccc1,2.8,81.7
O=C1O/C(=C(/C(=O)O)c2ccccc2)C(O)=C1c1ccccc1,O=C1OC2=C(c3ccccc3)C(=O)OC2=C1c1ccccc1,3.0,52.6
CCOC(=O)C(=O)OCC.N#CCc1ccc(Cl)cc1,CCOC(=O)C(=O)C(C#N)c1ccc(Cl)cc1,2.6,67.2
CCOC(=O)C(=O)C(C#N)c1ccc(Cl)cc1.N#CCc1ccc(Cl)cc1,N#CC(C(=O)C(=O)C(C#N)c1ccc(Cl)cc1)c1ccc(Cl)cc1,4.0,81.7
CCOC(=O)C(=O)OCC.COc1ccc(CC#N)cc1,CCOC(=O)C(=O)C(C#N)c1ccc(OC)cc1,1.9,76.4
CCOC(=O)C(=O)OCC.N#CCc1ccc(F)cc1,CCOC(=O)C(=O)C(C#N)c1ccc(F)cc1,2.0,67.2
CCOC(=O)C(=O)OCC.CCOc1ccc(CC#N)cc1OCC,CCOC(=O)C(=O)C(C#N)c1ccc(OCC)c(OCC)c1,2.6,85.6
CCOC(=O)C(=O)C(C#N)c1ccccc1.N#CCc1ccc(Cl)cc1,N#CC(C(=O)C(=O)C(C#N)c1ccc(Cl)cc1)c1ccccc1,3.4,81.7
CNN.O=C=Nc1nnc(C(F)(F)F)s1.O=C=Nc1nnc(C(F)(F)F)s1,CN(N)C(=O)Nc1nnc(C(F)(F)F)s1,0.1,112.0
C=O.CN(N)C(=O)Nc1nnc(C(F)(F)F)s1,CN1NCN(c2nnc(C(F)(F)F)s2)C1=O,0.6,89.6
CC(C)(C)c1nnc(N)s1.O=C(Cl)Cl,CC(C)(C)c1nnc(N=C=O)s1,3.2,83.4
CC(C)(C)c1nnc(N=C=O)s1.CNN,CN(N)C(=O)Nc1nnc(C(C)(C)C)s1,0.8,112.0
C=O.CN(N)C(=O)Nc1nnc(C(C)(C)C)s1,CN1NCN(c2nnc(C(C)(C)C)s2)C1=O,1.4,89.6
Cc1nnc(N)s1.O=C(Cl)Cl,Cc1nnc(N=C=O)s1,1.9,83.4
CCNN.Cc1nnc(N=C=O)s1,CCN(N)C(=O)Nc1nnc(C)s1,-0.1,112.0
C=O.CCN(N)C(=O)Nc1nnc(C)s1,CCN1NCN(c2nnc(C)s2)C1=O,0.5,89.6
COc1nnc(N)s1.O=C(Cl)Cl,COc1nnc(N=C=O)s1,1.8,92.7
CCCNN.COc1nnc(N=C=O)s1,CCCN(N)C(=O)Nc1nnc(OC)s1,0.3,122.0
CSc1nnc(N)s1.O=C(Cl)Cl,CSc1nnc(N=C=O)s1,2.3,109.0
CNN.CSc1nnc(N=C=O)s1,CSc1nnc(NC(=O)N(C)N)s1,0.0,138.0
C=O.CSc1nnc(NC(=O)N(C)N)s1,CSc1nnc(N2CNN(C)C2=O)s1,0.6,115.0
CS(=O)(=O)c1nnc(N)s1.O=C(Cl)Cl,CS(=O)(=O)c1nnc(N=C=O)s1,1.1,126.0
CCCCNN.CS(=O)(=O)c1nnc(N=C=O)s1,CCCCN(N)C(=O)Nc1nnc(S(C)(=O)=O)s1,0.0,155.0
C=O.CCCCN(N)C(=O)Nc1nnc(S(C)(=O)=O)s1,CCCCN1NCN(c2nnc(S(C)(=O)=O)s2)C1=O,0.5,132.0
CS(=O)c1nnc(N)s1.O=C(Cl)Cl,CS(=O)c1nnc(N=C=O)s1,1.0,120.0
CCCCCCNN.CS(=O)c1nnc(N=C=O)s1,CCCCCCN(N)C(=O)Nc1nnc(S(C)=O)s1,0.9,149.0
C=O.CCCCCCN(N)C(=O)Nc1nnc(S(C)=O)s1,CCCCCCN1NCN(c2nnc(S(C)=O)s2)C1=O,1.5,126.0
CNN.O=C=Nc1nnc(C2CCC2)s1,CN(N)C(=O)Nc1nnc(C2CCC2)s1,0.3,112.0
C=O.CN(N)C(=O)Nc1nnc(C2CCC2)s1,CN1NCN(c2nnc(C3CCC3)s2)C1=O,0.8,89.6
CCOC(C)=O.Nc1nnc(C2CCCCC2)s1,O=C=Nc1nnc(C2CCCCC2)s1,3.7,83.4
C=O.CN(N)C(=O)Nc1nnc(C2CCCCC2)s1,CN1NCN(c2nnc(C3CCCCC3)s2)C1=O,1.9,89.6
CCOC(=O)COc1cccnc1.COP(C)(=O)OC,COP(=O)(CC(=O)COc1cccnc1)OC,-0.1,74.7
CCOC(=O)CCc1ccncc1.COP(=O)(CC(=O)COc1cccnc1)OC,COP(=O)(CC(=O)CCc1ccncc1)OC,0.0,65.5
CCOC(=O)COc1ccc2[nH]ccc2c1.COP(C)(=O)OC,COP(=O)(CC(=O)COc1ccc2[nH]ccc2c1)OC,1.1,77.6
O=P(Cl)(Cl)Cl.Oc1cc(Cl)cnc1O,Oc1cc(Cl)cnc1Cl,2.1,33.1
NCC(O)c1cccc(O)c1.O=C1CCCCC1,Oc1cccc(C2CNC3(CCCCC3)O2)c1,2.3,41.5
CC(C)CC(CBr)N=C=O.N,CC(C)CC1COC(N)=N1,0.9,47.6
CC(=O)N1CCNC1=O.Nc1ccccc1Cl,Clc1ccccc1NC1=NCCN1,1.4,36.4
C1=NCCCC1.CCCCCCCCCCCCc1ccc(C(C)=O)cc1,CCCCCCCCCCCCc1ccc(C(=O)CC2CCCCN2)cc1,8.2,29.1
C1=NCCC1.CC(=O)c1ccc(CCc2ccccc2)cc1,O=C(CC1CCCN1)c1ccc(CCc2ccccc2)cc1,3.9,29.1
C1=NCCCC1.CC(=O)C=CC(C)=Cc1ccccc1,CC(C=CC(=O)CC1CCCCN1)=Cc1ccccc1,3.7,29.1
C1=NCCCC1.CCc1cccc(CC)c1-n1cccc1C(C)=O,CCc1cccc(CC)c1-n1cccc1C(=O)CC1CCCCN1,4.3,34.0
C1=NCCCC1.CC(=O)C(c1ccccc1)c1ccccc1,O=C(CC1CCCCN1)C(c1ccccc1)c1ccccc1,3.7,29.1
C1=NCCCC1.CC(=O)c1ccc2oc3ccccc3c2c1,O=C(CC1CCCCN1)c1ccc2oc3ccccc3c2c1,3.8,42.2
O=C(CC1CCCN1)c1ccc2c(c1)Cc1ccccc1-2,OC(CC1CCCN1)c1ccc2c(c1)Cc1ccccc1-2,3.2,32.3
CC(C)(C)C1CCc2[nH]c3ccccc3c2C1.ClCCN1CCCC1,CC(C)(C)C1CCc2c(c3ccccc3n2CCN2CCCC2)C1,5.1,8.2
CC(C)(C)C1CCc2c(c3ccccc3n2CCN2CCCC2)C1.O=[Mn](=O)(=O)[O-],CC(C)(C)C1CCc2c(c3ccccc3n2CC[N+]2([O-])CCCC2)C1,4.6,23.0
OCc1ccccc1C(O)c1ccccc1,O=Cc1ccccc1C(=O)c1ccccc1,2.8,34.1
OCc1ccccc1C(O)c1ccc(Cl)cc1,O=Cc1ccccc1C(=O)c1ccc(Cl)cc1,3.4,34.1
COc1ccc(C(O)c2ccccc2CO)cc1,COc1ccc(C(=O)c2ccccc2C=O)cc1,2.7,43.4
OCc1ccc(Cl)cc1C(O)c1ccccc1,O=Cc1ccc(Cl)cc1C(=O)c1ccccc1,3.4,34.1
O=C(O)c1ccccc1C(=O)c1ccc(Br)cc1,O=Cc1ccccc1C(=O)c1ccc(Br)cc1,3.4,34.1
OOC1(c2ccccc2)c2ccccc2C2=NCCN21,O=C(c1ccccc1)c1ccccc1C1=NCCN1,2.2,41.5
NCCN.OCc1ccccc1C(O)c1ccccc1,NCCN1Cc2ccccc2C1c1ccccc1,2.1,29.3
OC1(c2ccc(Cl)cc2)c2ccccc2C2=NCCN21,O=C(c1ccc(Cl)cc1)c1ccccc1C1=NCCN1,2.9,41.5
Nc1ccccc1C(=O)c1ccccc1C(=O)O.[Cl-],O=C(O)c1ccccc1C(=O)c1ccccc1Cl,3.1,54.4
Nc1ccccc1C(=O)c1ccccc1.O=C(Cl)C(Cl)Cl,O=C(c1ccccc1)c1ccccc1NC(=O)C(Cl)Cl,4.3,46.2
O=C(c1ccccc1)c1ccccc1NC(=O)C(Cl)Cl.[C-]#N,NC1=Nc2ccccc2C1(O)c1ccccc1,1.4,58.6
BrCCCBr.NC1=Nc2ccccc2C1(O)c1ccccc1,OC1(c2ccccc2)C2=NCCCN2c2ccccc21,1.9,35.8
ClCCCCl.NC1=Nc2ccc(Cl)cc2C1(O)c1ccccc1,OC1(c2ccccc2)C2=NCCCN2c2ccc(Cl)cc21,2.6,35.8
Nc1ccccc1C(=O)c1cccc(Cl)c1.O=C(Cl)C(Cl)Cl,O=C(c1cccc(Cl)c1)c1ccccc1NC(=O)C(Cl)Cl,4.9,46.2
BrCCCCBr.NC1=Nc2ccccc2C1(O)c1cccc(Cl)c1,OC1(c2cccc(Cl)c2)C2=NCCCCN2c2ccccc21,2.9,35.8
BrCCCBr.NC1=Nc2ccccc2C1(O)c1cccc(Cl)c1,OC1(c2cccc(Cl)c2)C2=NCCCN2c2ccccc21,2.6,35.8
BrCCCCBr.NC1=Nc2ccc(Cl)cc2C1(O)c1ccccc1Cl,OC1(c2ccccc2Cl)C2=NCCCCN2c2ccc(Cl)cc21,3.5,35.8
O=C(c1ccccc1)c1cc(Cl)ccc1NC(=O)C(Cl)Cl.[C-]#N,NC1=Nc2ccc(Cl)cc2C1(O)c1ccccc1,2.0,58.6
BrCCCCBr.NC1=Nc2ccc(Cl)cc2C1(O)c1ccccc1,OC1(c2ccccc2)C2=NCCCCN2c2ccc(Cl)cc21,2.9,35.8
CC(C)NCCN.Cc1ccc(S(=O)(=O)Cl)cc1,Cc1ccc(S(=O)(=O)NCCNC(C)C)cc1,1.6,66.6
Cc1ccc(S(=O)(=O)NCCN(C(=O)c2ccccc2C(=O)c2ccc(Cl)cc2)C(C)C)cc1,CC(C)N1CCN=C1c1ccccc1C(=O)c1ccc(Cl)cc1,3.8,32.7
CCNCCN.Cc1ccc(S(=O)(=O)Cl)cc1,CCNCCNS(=O)(=O)c1ccc(C)cc1,1.2,66.6
CCNCCNS(=O)(=O)c1ccc(C)cc1.O=C(O)c1ccccc1C(=O)c1ccc(Cl)cc1,CCN(CCNS(=O)(=O)c1ccc(C)cc1)C(=O)c1ccccc1C(=O)c1ccc(Cl)cc1,4.7,91.9
Cc1ccc(S(=O)(=O)NCCNC(C)C)cc1.O=C(O)c1ccccc1C(=O)c1ccccc1,Cc1ccc(S(=O)(=O)NCCN(C(=O)c2ccccc2C(=O)c2ccccc2)C(C)C)cc1,4.5,91.9
CCN(C(=O)c1ccccc1C(=O)c1ccc(Cl)cc1)C(C)(C)CNS(=O)(=O)c1ccc(C)cc1,CCN1C(c2ccccc2C(=O)c2ccc(Cl)cc2)=NCC1(C)C,4.0,32.7
CCN.Cc1ccc(S(=O)(=O)NC(C)C(=O)Cl)cc1,CCNC(=O)C(C)NS(=O)(=O)c1ccc(C)cc1,1.4,83.6
CCOC(OCC)N(C)C.Cc1ccccc1[N+](=O)[O-],CN(C)/C=C/c1ccccc1[N+](=O)[O-],2.1,49.1
CC(=O)Cl.CN(C)C=Cc1ccccc1[N+](=O)[O-],CC(=O)C(=CN(C)C)c1ccccc1[N+](=O)[O-],1.8,66.1
CC(=O)C(=CN(C)C)c1ccccc1[N+](=O)[O-],CC(=O)Cc1ccccc1[N+](=O)[O-],1.7,62.9
O=C(Cl)c1c(Cl)c(Cl)c(Cl)c(Cl)c1CCl.[S-2],O=C1SCc2c(Cl)c(Cl)c(Cl)c(Cl)c21,3.7,42.4
CCCCCC(C)C(C)c1cc(O)c2c(c1)OC1=C(CCC(C)C1)C2C,CCCCCC(C)C(C)c1cc(O)c2c(c1)Oc1cc(C)ccc1C2C,7.9,29.5
CC(=O)C1CCCCC1=O.CCCCCC(C)C(C)c1cc(O)cc(O)c1,c1ccc2c(c1)CC1=C(CCCC1)O2,3.1,9.2
CC(=O)C1CCCCC1=O.CC(=O)O.CCCCCC(C)C(C)c1cc(O)cc(O)c1,CCCCCC(C)C(C)c1cc(OC(C)=O)c2c(c1)OC1=C(CCCC1)C2C,7.2,35.5
CCCCCC(C)C(C)c1cc(OC(C)=O)c2c(c1)OC1=C(CCCC1)C2C,CCCCCC(C)C(C)c1cc(O)c2c(c1)OC1=C(CCCC1)C2C,7.1,29.5
CC(=O)Cl.CCC1CCCC(=O)C1,CCC1CCC(C(C)=O)C(=O)C1,1.9,34.1
CC(=O)C1CCC(C)CC1=O.CCCCCCC(C)c1cc(O)cc(O)c1,CCCCCCC(C)c1cc(O)c2c(c1)OC1=C(CCC(C)C1)C2C,7.3,29.5
CCCCCCCCC(C)=C(C)c1cc(OC)cc(OC)c1,CCCCCCCCC(C)C(C)c1cc(OC)cc(OC)c1,7.6,18.5
CCCCCCCCC(C)C(C)c1cc(OC)cc(OC)c1,CCCCCCCCC(C)C(C)c1cc(O)cc(O)c1,6.9,40.5
CCCCCC(C)(O)C(C)(C)c1cc(OC)cc(OC)c1,CCCCCC(C)C(C)(C)c1cc(O)cc(O)c1,5.8,40.5
CC(=O)C1CCC(C)CC1=O.CCCCCC(C)C(C)(C)c1cc(O)cc(O)c1,CCCCCC(C)C(C)(C)c1cc(O)c2c(c1)OC1=C(CCC(C)C1)C2C,8.1,29.5
CC(=O)C1CCC(C)CC1=O.CCCCCC(C)C(CC)c1cc(O)cc(O)c1,CCCCCC(C)C(CC)c1cc(O)c2c(c1)OC1=C(CCC(C)C1)C2C,8.1,29.5
CC(=O)C1CCC(C)CC1=O.CCCCCC(CC)C(CC)c1cc(O)cc(O)c1,CCCCCC(CC)C(CC)c1cc(O)c2c(c1)OC1=C(CCC(C)C1)C2C,8.7,29.5
CC(=O)C1CCC(C)CC1=O.CCCCCCCC(C)C(C)c1cc(O)cc(O)c1,CCCCCCCC(C)C(C)c1cc(O)c2c(c1)OC1=C(CCC(C)C1)C2C,8.7,29.5
CC(=O)C1CCC(C)CC1=O.CCCCCC(C)Cc1cc(O)cc(O)c1,CCCCCC(C)Cc1cc(O)c2c(c1)OC1=C(CCC(C)C1)C2C,7.2,29.5
CC(=O)OC(C)=O.CCCCCC(C)C(C)c1cc(O)c2c(c1)OC1=C(CCC(C)C1)C2C,CCCCCC(C)C(C)c1cc(OC(C)=O)c2c(c1)OC1=C(CCC(C)C1)C2C,7.7,35.5
CCCCCC(C)C(C)c1cc(O)c2c(c1)OC1=C(CCC(C)C1)C2C.CCCCCC(C)C(C)c1cc(O)c2c(c1)OC1=C(CCCC1)C2,CCCCCC(C)C(C)c1cc(OC(C)=O)c2c(c1)OC1=C(CCCC1)C2,6.9,35.5
CC1=CC(=O)OC1=O.[Cl-],O=C1CC(CCl)C(=O)O1,0.2,43.4
COC(=O)C(C)(C)Br.Cc1oc2ccccc2c1O,COC(=O)C(C)(C)Oc1c(C)oc2ccccc12,3.2,48.7
Cc1cc(O)cc(=O)o1.Cc1ccc(S(=O)O)cc1,CSc1c(O)cc(C)oc1=O,1.2,71.8
CSCl.Cc1cc(O)cc(=O)o1,CSc1c(O)cc(C)oc1=O,1.2,71.8
CSS(C)(=O)=O.Cc1cc(O)cc(=O)o1,CSc1c(O)cc(C)oc1=O,1.2,71.8
Cc1cc(O)cc(=O)o1.O=S(=O)(Sc1ccccc1)c1ccccc1,Cc1cc(O)c(Sc2ccccc2)c(=O)o1,2.8,71.8
Cc1cc(O)cc(=O)o1.O=S(=O)(Sc1ccccc1)c1ccccc1,Cc1cc(O)c(Sc2ccccc2)c(=O)o1,2.8,71.8
Cc1cc(O)cc(=O)o1.ClSc1ccccc1,Cc1cc(O)c(Sc2ccccc2)c(=O)o1,2.8,71.8
Cc1cc(O)cc(=O)o1.ClSc1ccccc1,Cc1cc(O)c(Sc2ccccc2)c(=O)o1,2.8,71.8
Cc1cc(O)cc(=O)o1.Cc1ccc(S(=O)O)cc1.Cl,Cc1cc(O)c(Sc2ccc(Cl)cc2)c(=O)o1,3.4,71.8
CCSCl.Cc1cc(O)cc(=O)o1,CCSc1c(O)cc(C)oc1=O,1.6,71.8
CC(C)SCl.Cc1cc(O)cc(=O)o1,Cc1cc(O)c(SC(C)C)c(=O)o1,2.0,71.8
C#CCBr.Cc1cc(O)c(S)c(=O)o1,C#CCSc1c(O)cc(C)oc1=O,1.4,71.8
Cc1cc(O)c(S)c(=O)o1.ClCc1cccc2ccccc12,Cc1cc(O)c(SCc2cccc3ccccc23)c(=O)o1,4.0,71.8
Cc1cc(O)c(S)c(=O)o1.O=[N+]([O-])c1ccc(CBr)cc1,Cc1cc(O)c(SCc2ccc([N+](=O)[O-])cc2)c(=O)o1,2.6,118.0
Cc1cc(O)c(S)c(=O)o1.Fc1ccc(CCl)cc1,Cc1cc(O)c(SCc2ccc(F)cc2)c(=O)o1,2.8,71.8
Cc1cc(O)c(S)c(=O)o1.ClCc1ccccc1,Cc1cc(O)c(SCc2ccccc2)c(=O)o1,2.7,71.8
Cc1cc(O)c(S)c(=O)o1.ClCc1ccc(CCl)cc1,Cc1cc(O)c(SCc2ccc(CSc3c(O)cc(C)oc3=O)cc2)c(=O)o1,3.5,144.0
CC(=O)O.Cc1cc(O)c(SCc2ccccc2)c(=O)o1,Cc1cc(O)c(S(=O)Cc2ccccc2)c(=O)o1,2.0,82.8
C=CCSc1c(O)cc(C)oc1=O.OO,C=CCS(=O)c1c(O)cc(C)oc1=O,1.1,82.8
CC(=O)O.Cc1cc(O)c(SCCC(C)C)c(=O)o1,Cc1cc(O)c(S(=O)CCC(C)C)c(=O)o1,2.0,82.8
CCCCCCSc1c(O)cc(C)oc1=O.OO,CCCCCCS(=O)c1c(O)cc(C)oc1=O,2.7,82.8
Cc1ccc(CSc2c(O)cc(C)oc2=O)cc1.OO,Cc1ccc(CS(=O)c2c(O)cc(C)oc2=O)cc1,2.4,82.8
Cc1cc(O)c(SCc2ccc(Cl)cc2)c(=O)o1.OO,Cc1cc(O)c(S(=O)Cc2ccc(Cl)cc2)c(=O)o1,2.6,82.8
C#CCSc1c(O)cc(C)oc1=O.OO,C#CCS(=O)c1c(O)cc(C)oc1=O,0.6,82.8
Cc1cc(O)c(SCC2CCCCC2)c(=O)o1.OO,Cc1cc(O)c(S(=O)CC2CCCCC2)c(=O)o1,2.7,82.8
CC(C)(C)O.Cc1cc(O)c(S)c(=O)o1,Cc1cc(O)c(SC(C)(C)C)c(=O)o1,2.2,71.8
Cc1cc(O)c(SC(C)(C)C)c(=O)o1.OO,Cc1cc(O)c(S(=O)C(C)(C)C)c(=O)o1,1.3,82.8
Cc1cc(O)c(SCC(C)C)c(=O)o1.OO,Cc1cc(O)c(S(=O)CC(C)C)c(=O)o1,1.7,82.8
Cc1cc(O)c(SCc2ccccc2F)c(=O)o1.OO,Cc1cc(O)c(S(=O)Cc2ccccc2F)c(=O)o1,2.1,82.8
CC(=O)OO.Cc1cc(O)c(SCc2ccc(Cl)c(Cl)c2)c(=O)o1,Cc1cc(O)c(S(=O)Cc2ccc(Cl)c(Cl)c2)c(=O)o1,3.3,82.8
CC(=O)OO.Cc1cc(O)c(SCc2ccc(Cl)cc2Cl)c(=O)o1,Cc1cc(O)c(S(=O)Cc2ccc(Cl)cc2Cl)c(=O)o1,3.3,82.8
Cc1cc(O)c(S)c(=O)o1.Fc1ccccc1CCl,Cc1cc(O)c(SCc2ccccc2F)c(=O)o1,2.8,71.8
Cc1cc(O)c(S)c(=O)o1.ClCc1ccc(Cl)cc1Cl,Cc1cc(O)c(SCc2ccc(Cl)cc2Cl)c(=O)o1,4.0,71.8
Cc1cc(O)c(S)c(=O)o1.Fc1cccc(CCl)c1,Cc1cc(O)c(SCc2cccc(F)c2)c(=O)o1,2.8,71.8
Cc1cc(O)c(S)c(=O)o1.OC12CC3CC(CC(C3)C1)C2,Cc1cc(O)c(SC23CC4CC(CC(C4)C2)C3)c(=O)o1,3.9,71.8
Cc1cc(O)c(SC23CC4CC(CC(C4)C2)C3)c(=O)o1.OO,Cc1cc(O)c(S(=O)C23CC4CC(CC(C4)C2)C3)c(=O)o1,3.0,82.8
CC(=O)c1ccc(-c2ccc([N+](=O)[O-])cc2)o1,CC(O)c1ccc(-c2ccc([N+](=O)[O-])cc2)o1,2.0,79.2
CC(=O)c1ccc(-c2ccc(Cl)c(Cl)c2)o1,CC(O)c1ccc(-c2ccc(Cl)c(Cl)c2)o1,3.5,33.4
CC(=O)c1ccco1.Nc1cccc(C(F)(F)F)c1,CC(=O)c1ccc(-c2cccc(C(F)(F)F)c2)o1,3.6,30.2
CC(=O)c1ccc(-c2ccc([N+](=O)[O-])cc2)o1,CC(=O)c1ccc(-c2ccc(N)cc2)o1,2.0,56.2
CC(=O)OC(C)=O.CC(=O)c1ccc(-c2ccc(N)cc2)o1,CC(=O)Nc1ccc(-c2ccc(C(C)=O)o2)cc1,1.8,59.3
CC(=O)Nc1ccc(-c2ccc(C(C)=O)o2)cc1,CC(=O)Nc1ccc(-c2ccc(C(C)O)o2)cc1,1.4,62.5
CC(=O)c1ccco1.CS(=O)(=O)c1ccc(N)cc1,CC(=O)c1ccc(-c2ccc(S(C)(=O)=O)cc2)o1,1.9,72.7
CS(=O)(=O)c1ccc(-c2ccc(C(=O)c3ccc(-c4ccc(S(C)(=O)=O)cc4)o3)o2)cc1,CC(O)c1ccc(-c2ccc(S(C)(=O)=O)cc2)o1,1.4,75.9
CC(=O)c1ccco1.N#Cc1ccc(N)cc1,CC(=O)c1ccc(-c2ccc(C#N)cc2)o1,2.4,54.0
CC(=O)c1ccc(-c2ccc(C#N)cc2)o1,CC(O)c1ccc(-c2ccc(C#N)cc2)o1,1.9,57.2
O=C(CCl)c1ccc(-c2ccc([N+](=O)[O-])cc2)o1,O=[N+]([O-])c1ccc(-c2ccc(C(O)CCl)o2)cc1,2.3,79.2
CC(C)CC(=O)Cl.Cc1ccc2c(c1C)OC(C(=O)O)C2,Cc1c(C(=O)CC(C)C)cc2c(c1C)OC(C(=O)O)C2,3.2,63.6
CNC.Cc1c(C(=O)CC(C)C)cc2c(c1C)OC(C(=O)O)C2,C=C(C(=O)c1cc2c(c(C)c1C)OC(C(=O)O)C2)C(C)C,3.7,63.6
C=C(C(=O)c1cc2c(c(C)c1C)OC(C(=O)O)C2)C(C)C,Cc1c(C)c2c(c3c1OC(C(=O)O)C3)CC(C(C)C)C2=O,3.4,63.6
CC(C)CC(=O)Cl.Cc1ccc2cc(C(=O)O)oc2c1C,Cc1c(C(=O)CC(C)C)cc2cc(C(=O)O)oc2c1C,3.9,67.5
CNC.Cc1c(C(=O)CC(C)C)cc2cc(C(=O)O)oc2c1C,C=C(C(=O)c1cc2cc(C(=O)O)oc2c(C)c1C)C(C)C,4.3,67.5
C=C(C(=O)c1cc2cc(C(=O)O)oc2c(C)c1C)C(C)C,Cc1c2c(c3cc(C(=O)O)oc3c1C)CC(C(C)C)C2=O,4.0,67.5
CI.Cc1c(C)c2c(c3c1OC(C(=O)O)C3)CC(C(C)C)C2=O,Cc1c(C)c2c(c3c1OC(C(=O)O)C3)CC(C)(C(C)C)C2=O,3.8,63.6
BrBr.Cc1c2c(c3cc(C(=O)O)oc3c1C)CC(C(C)C)C2=O,Cc1c2c(c3cc(C(=O)O)oc3c1C)CC(Br)(C(C)C)C2=O,4.7,67.5
Cc1c2c(c3cc(C(=O)O)oc3c1C)CC(Br)(C(C)C)C2=O,Cc1c2c(c3cc(C(=O)O)oc3c1C)C=C(C(C)C)C2=O,4.1,67.5
Cc1c2c(c3cc(C(=O)O)oc3c1C)CC(Br)(C(C)C)C2=O,CC(C)=C1Cc2c(c(C)c(C)c3oc(C(=O)O)cc23)C1=O,4.1,67.5
COc1cccc(Cl)c1Cl.O=C(Cl)CCCCCBr,COc1ccc(C(=O)CCCCCBr)c(Cl)c1Cl,4.6,26.3
C=C(CCCCCl)C(=O)c1ccc(OC)c(Cl)c1Cl,COc1cc2c(c(Cl)c1Cl)C(=O)C(CCCCCl)C2,4.6,26.3
CCCCC(=O)Cl.Cc1ccc2oc(C(=O)O)cc2c1C,CCCCC(=O)c1cc2oc(C(=O)O)cc2c(C)c1C,4.0,67.5
CCCCC(=O)c1cc2oc(C(=O)O)cc2c(C)c1C.CNC,C=C(CCC)C(=O)c1cc2oc(C(=O)O)cc2c(C)c1C,4.5,67.5
CCCC1Cc2c(c(C)c(C)c3oc(C(=O)O)cc23)C1=O.CCOCC,CCCC1Cc2c(c(C)c(C)c3oc(C(=O)OCC)cc23)C1=O,4.8,56.5
CCC(=Cc1ccccc1)C(=O)c1ccc(OC)c(Cl)c1Cl,CCC1C(=O)c2c(cc(OC)c(Cl)c2Cl)C1c1ccccc1,5.3,26.3
CCC1C(=O)c2c(cc(OC)c(Cl)c2Cl)C1c1ccccc1,CCC1C(=O)c2c(cc(O)c(Cl)c2Cl)C1c1ccccc1,4.9,37.3
CCCC1(Br)Cc2c(c(C)c(C)c3oc(C(=O)O)cc23)C1=O,CCCC1=Cc2c(c(C)c(C)c3oc(C(=O)O)cc23)C1=O,4.3,67.5
CCCC1(Br)Cc2c(c(C)c(C)c3oc(C(=O)O)cc23)C1=O,CCC=C1Cc2c(c(C)c(C)c3oc(C(=O)O)cc23)C1=O,4.0,67.5
CCCC1Cc2c(c(C)c(C)c3oc(C(=O)O)cc23)C1=O,CCCC1Cc2c3c(c(C)c(C)c2C1O)OC(C(=O)O)C3,3.2,66.8
BrBr.CCCC1Cc2c3c(c(C)c(C)c2C1=O)OC(C(=O)O)C3,CCCC1(Br)Cc2c3c(c(C)c(C)c2C1=O)OC(C(=O)O)C3,4.0,63.6
CCCC1(Br)Cc2c3c(c(C)c(C)c2C1=O)OC(C(=O)O)C3,CCCC1=Cc2c3c(c(C)c(C)c2C1=O)OC(C(=O)O)C3,3.6,63.6
CCCC1(Br)Cc2c3c(c(C)c(C)c2C1=O)OC(C(=O)O)C3,CCC=C1Cc2c3c(c(C)c(C)c2C1=O)OC(C(=O)O)C3,3.3,63.6
C=CC1(C)CCC(C(C)(O)c2ccc(C)o2)O1,C=CC1(C)CCC(C(C)c2ccc(C)o2)O1,3.3,22.4
CCCCC(=NO)C(C)=O.CCCCCC(C)=O.O=NCl,CCCCc1nc(C)c(CCCC)nc1C,4.0,25.8
Cc1ccc(CBr)o1.c1coc(COCc2ccco2)c1,Cc1ccc(COCc2ccco2)o1,1.7,35.5
O=C1c2ccccc2C(=O)c2c1cccc2[N+](=O)[O-],O=C1c2ccccc2C(=O)c2ccccc21,3.4,34.1
O=C1c2ccccc2C(=O)c2c1cccc2[N+](=O)[O-],O=C1c2ccccc2C(=O)c2ccccc21,3.4,34.1
O=C1c2ccccc2C(=O)c2c1cccc2[N+](=O)[O-],Nc1cccc2c1C(=O)c1ccccc1C2=O,3.2,60.2
O=C1c2ccccc2C(=O)c2c1cccc2[N+](=O)[O-],Nc1cccc2c1C(=O)c1ccccc1C2=O,3.2,60.2
O=C1C=CC(=NO)c2c1cccc2[N+](=O)[O-].O=C1C=CC(=NO)c2cccc([N+](=O)[O-])c21,O=C1C=CC(=O)c2c1cccc2[N+](=O)[O-],1.6,80.0
O.O=C1C=CC(=NO)c2c1cccc2[N+](=O)[O-],O=C1C=CC(=O)c2c1cccc2[N+](=O)[O-],1.6,80.0
O.O=C1C=CC(=NO)c2c1cccc2[N+](=O)[O-],O=C1C=CC(=O)c2c1cccc2[N+](=O)[O-],1.6,80.0
O.O=C1C=CC(=NO)c2c1cccc2[N+](=O)[O-],O=C1C=CC(=O)c2c1cccc2[N+](=O)[O-],1.6,80.0
CCc1ccccc1O.Cc1ccccc1O,CCc1cccc2ccoc12,3.1,13.1
SCc1cccs1.c1csc(COCc2cccs2)c1,c1csc(CSCc2cccs2)c1,3.3,81.8
C=Cc1cnccn1.CS,CSCCc1cnccn1,0.8,51.1
Cc1cccc2ccoc12.Cc1cnc(C)c(S)n1,CC(=O)Sc1nc(C)cnc1C,1.2,68.2
CC(=O)/C=C\C(C)=O.CCCS,CCCSC(CC(C)=O)C(C)=O,1.2,59.4
COC1(C)C=CC(C)(OC)O1.OC(=S)c1ccccc1,CC(=O)CC(C(C)=O)C(=S)c1ccccc1,1.7,66.2
ClCc1ccccc1.Oc1ccc(Cc2ccc(O)cc2)cc1,Oc1ccc(Cc2ccc(OCc3ccccc3)cc2)cc1,5.4,29.5
CNS(C)(=O)=O.O=C=NS(=O)(=O)Cl,CN(S(C)(=O)=O)S(=O)(=O)N=C=O,0.2,118.0
CCNS(C)(=O)=O.O=C=NS(=O)(=O)Cl,CCN(S(C)(=O)=O)S(=O)(=O)N=C=O,0.6,118.0
CNS(=O)(=O)c1ccccc1.O=C=NS(=O)(=O)Cl,CN(S(=O)(=O)N=C=O)S(=O)(=O)c1ccccc1,1.8,118.0
CC(C)=C[C@@H]1[C@H](C(=O)O)C1(C)C,CC(C)=C[C@@H]1[C@@H](C(=O)O)C1(C)C,3.4,37.3
Nc1ccc(O)cc1.O=C(OC(=O)c1ccccc1)c1ccccc1,O=C(Nc1ccc(O)cc1)c1ccccc1,2.3,49.3
CC(=O)Nc1ccc(C(=O)O)cc1.Nc1ccc(O)cc1,CC(=O)Nc1ccc(C(=O)Nc2ccc(O)cc2)cc1,1.4,78.4
CCCCC[C@H](O)/C=C/[C@H]1C=CC(=O)[C@@H]1C/C=C\CCCC(=O)O,Oc1ccc(-c2ccccc2)cc1,3.2,20.2
CO.Cc1ccc(C(=O)Cl)cc1,COC(=O)c1ccc(C)cc1,2.7,26.3
BrBr.COC(=O)c1ccc(C)cc1,COC(=O)c1ccc(CBr)cc1,2.9,26.3
CN(NC(=O)OCc1ccccc1)C(=O)OCc1ccccc1.COC(=O)c1ccc(CBr)cc1,CN(C(=O)OCc1ccccc1)N(Cc1ccc(C(=O)O)cc1)C(=O)OCc1ccccc1,4.2,96.4
CN(C(=O)OCc1ccccc1)N(Cc1ccc(C(=O)Cl)cc1)C(=O)OCc1ccccc1.NC1CC1,CN(C(=O)OCc1ccccc1)N(Cc1ccc(C(=O)NC2CC2)cc1)C(=O)OCc1ccccc1,4.5,88.2
CNCCN.O=Cc1ccccc1,CNCCN=Cc1ccccc1,1.1,24.4
CN(C(=O)OCc1ccccc1)N(Cc1ccc(C(=O)Cl)cc1)C(=O)OCc1ccccc1.CNC(N)=O,CNC(=O)NC(=O)c1ccc(CN(C(=O)OCc2ccccc2)N(C)C(=O)OCc2ccccc2)cc1,4.1,117.0
CN(NC(=O)OCc1ccccc1)C(=O)OCc1ccccc1.N#Cc1ccc(CBr)cc1,CN(C(=O)OCc1ccccc1)N(Cc1ccc(C#N)cc1)C(=O)OCc1ccccc1,4.4,82.9
CC(C)(C)C(=O)OCCl.Cc1c(CC(=O)O)cccc1C(=O)c1ccc(Cl)cc1,Cc1c(CC(=O)OCOC(=O)C(C)(C)C)cccc1Cc1ccc(Cl)cc1,6.0,52.6
Cc1c(CC(=O)O)cccc1C(=O)c1ccc(Cl)cc1.O=S(Cl)Cl,Cc1c(CC(=O)Cl)cccc1C(=O)c1ccc(Cl)cc1,4.7,34.1
CNOC.Cc1c(CC(=O)O)cccc1C(=O)c1ccc(Cl)cc1,CON(C)C(=O)Cc1cccc(C(=O)c2ccc(Cl)cc2)c1C,3.7,46.6
C1CCOC1.Cc1ccccc1.O,COC(=O)Cc1ccccc1,1.8,26.3
CCOC(=O)C1CCC(=O)C(Oc2cccc(OC)c2)C1,COc1ccc2c3c(oc2c1)CC(C(=O)O)CC3,2.5,59.7
Cc1cccc(C)c1O.N,Cc1cccc(C)c1N,1.8,26.0
Cc1cccc(C(C)(C)C)c1O.N,Cc1cccc(C(C)(C)C)c1N,3.3,26.0
Cc1cccc(C(C)(C)C)c1O.N,Cc1cccc(C(C)(C)C)c1N,3.3,26.0
Cc1cccc(C)c1O.N,Cc1cccc(C)c1N,1.8,26.0
Nc1c(Cl)cc(Cl)cc1C(=O)O,O=C(O)c1cc(Cl)cc(Cl)c1,2.8,37.3
Nc1c(Cl)cc(Cl)cc1C(=O)O,O=C(O)c1cc(Cl)cc(Cl)c1,2.8,37.3
ClCCl.OCc1ccccc1,ClCOCc1ccccc1,2.6,9.2
CCCCC[C@H](O)/C=C/[C@H]1[C@H](O)CC(=O)[C@@H]1CCCCCCC(=O)O,CCCCC[C@H](O)/C=C/[C@H]1C=CC(=O)[C@@H]1CCCCCCC(=O)O,4.4,74.6
NCCCC[C@H](N)C(=O)O,NCCCC[C@H](N)C(=O)O,-3.0,89.3
CN(C)C(=O)N(CCl)c1ccccc1.OCCO,CN(C)C(=O)N(COCCO)c1ccccc1,0.6,53.0
CCCC=NC(C)(C)C.O=C(Cl)C(Cl)Cl,CCC=CN(C(=O)C(Cl)Cl)C(C)(C)C,3.2,20.3
CCN=C(CC)CC.O=C(Cl)C(Cl)Cl,CC=C(CC)N(CC)C(=O)C(Cl)Cl,3.0,20.3
O=[N+]([O-])c1cc(Cl)ccc1Cl,Nc1cc(Cl)ccc1Cl,2.9,26.0
Cc1ccc(Cl)c([N+](=O)[O-])c1,Cc1ccc(Cl)c(N)c1,2.5,26.0
CCCC(=O)CCC(=O)OCC,CCC1C(=O)CCC1=O,0.6,34.1
CSc1ccc(C(=O)O)cc1.NNc1ccccc1,CSc1ccc(C(=O)NNc2ccccc2)cc1,3.6,66.4
CSc1ccc(C(=O)NNc2ccccc2)cc1.ClP(Cl)(Cl)(Cl)Cl,CSc1ccc(C(Cl)=NNc2ccccc2)cc1,5.1,49.7
CSc1ccc(NNC(=O)c2ccccc2)cc1.ClP(Cl)(Cl)(Cl)Cl,CSc1ccc(NN=C(Cl)c2ccccc2)cc1,5.1,49.7
CSc1ccccc1C(=O)NNc1ccccc1.Cl.ClP(Cl)(Cl)(Cl)Cl,CSc1c(Cl)cccc1C(Cl)=NNc1ccccc1,5.7,49.7
CC1=CCCC(C)(C)C1c1cc(C)no1,CC(N)=CC(=O)C1C(C)=CCCC1(C)C,2.9,43.1
C=C(N)CC(=O)C1=C(C)CCCC1(C)C,CC=CC(=O)C1=C(C)CCCC1(C)C,3.5,17.1
C=C1CCCC(C)(C)C1c1cc(C)no1,C=C1CCCC(C)(C)C1C(=O)C=CC,3.5,17.1
C=C1CCCC(C)(C)C1C(=O)CC(C)N,C=C1CCCC(C)(C)C1C(=O)C=CC,3.5,17.1
CC1=CCCC(C)(C)C1C1OC1C(C)=NO,CC1=CCCC(C)(C)C1c1cc(C)no1,3.4,26.0
O=C(O)CC(=O)O.O=CCc1cccc(C(=O)c2ccc(Cl)cc2)c1O,O=C(O)C=CCc1cccc(C(=O)c2ccc(Cl)cc2)c1O,4.3,74.6
O=C(O)CCc1cccc(C(=O)c2ccccc2)c1.O=S(Cl)Cl,O=C(Cl)CCc1cccc(C(=O)c2ccccc2)c1,4.0,34.1
O=C(Cl)C(=O)Cl.O=C(O)CCc1cccc(C(=O)c2ccccc2)c1,O=C(Cl)CCc1cccc(C(=O)c2ccccc2)c1,4.0,34.1
Cc1c(C(=O)O)cccc1[N+](=O)[O-].O=S(Cl)Cl,Cc1c(C(=O)Cl)cccc1[N+](=O)[O-],2.6,62.9
Cc1c(C(=O)Cl)cccc1[N+](=O)[O-].Cl,Cc1c(C(=O)c2ccc(Cl)cc2)cccc1[N+](=O)[O-],4.1,62.9
Cc1c(C(=O)c2ccc(Cl)cc2)cccc1[N+](=O)[O-],Cc1c(N)cccc1C(=O)c1ccc(Cl)cc1,3.6,43.1
Cc1c(CCC(=O)O)cccc1C(=O)c1ccc(Cl)cc1.O=S(Cl)Cl,Cc1c(CCC(=O)Cl)cccc1C(=O)c1ccc(Cl)cc1,5.0,34.1
C[O-].Cc1c(CCCC(=O)O)cccc1C(=O)c1ccc(Cl)cc1,COc1ccc(C(=O)c2cccc(CCCC(=O)O)c2C)cc1,3.7,63.6
Cc1c(CCCC(=O)O)cccc1C(=O)c1ccc(Cl)cc1.O=S(Cl)Cl,Cc1c(CCCC(=O)Cl)cccc1C(=O)c1ccc(Cl)cc1,5.4,34.1
COC(=O)C(C)(Br)CCc1cccc(C(=O)c2ccccc2)c1,COC(=O)C(C)=CCc1cccc(C(=O)c2ccccc2)c1,4.2,43.4
COC(=O)C(C)=CCc1cccc(C(=O)c2ccccc2)c1,CC(=CCc1cccc(C(=O)c2ccccc2)c1)C(=O)O,3.9,54.4
CCOC(=O)CC(=O)[O-].O=C(c1ccc(Cl)cc1)c1cccc(CBr)c1,CCOC(=O)CC(=O)OCc1cccc(C(=O)c2ccc(Cl)cc2)c1,4.0,69.7
CC(=O)O.CCOC(=O)CC(=O)OCc1cccc(C(=O)c2ccc(Cl)cc2)c1,O=C(O)CCc1cccc(C(=O)c2ccc(Cl)cc2)c1,3.7,54.4
O=C(O)CCc1cccc(C(=O)c2ccc(Cl)cc2)c1.O=S(Cl)Cl,O=C(Cl)CCc1cccc(C(=O)c2ccc(Cl)cc2)c1,4.6,34.1
O=C(O)Cc1cccc(C(=O)c2ccccc2)c1.O=S(Cl)Cl,O=C(Cl)Cc1cccc(C(=O)c2ccccc2)c1,3.7,34.1
O=C(CCl)Cc1cccc(C(=O)c2ccccc2)c1,OC(CCl)Cc1cccc(C(O)c2ccccc2)c1,3.0,40.5
OC(CCl)Cc1cccc(C(O)c2ccccc2)c1.[C-]#N,N#CCC(O)Cc1cccc(C(O)c2ccccc2)c1,2.1,64.2
N#CCC(O)Cc1cccc(C(O)c2ccccc2)c1,N#CCC(O)Cc1cccc(C(=O)c2ccccc2)c1,2.6,61.1
CCOC(=O)CC(O)Cc1cccc(C(=O)c2ccccc2)c1,O=C(O)CC(O)Cc1cccc(C(=O)c2ccccc2)c1,2.4,74.6
CCOC(=O)CC(O)Cc1cccc(C(=O)c2ccccc2)c1,CCOC(=O)CC=Cc1cccc(C(=O)c2ccccc2)c1,4.1,43.4
C=[N+]=[N-].O=C(O)Cc1cccc(C(=O)c2ccccc2)c1,COC(=O)Cc1cccc(C(=O)c2ccccc2)c1,3.1,43.4
COC(=O)Cc1cccc(C(=O)c2ccccc2)c1.[Li]CCCC,COC(=O)C(C)c1cccc(C(=O)c2ccccc2)c1,3.4,43.4
CCOC(=O)CC(O)C(C)c1cccc(C(=O)c2ccccc2)c1,CC(c1cccc(C(=O)c2ccccc2)c1)C(O)CC(=O)O,2.7,74.6
CCOC(=O)CC(C)=O.CC[O-].O=C(c1ccccc1)c1cccc(CBr)c1,CCOC(=O)C(C)C(=O)Cc1cccc(C(=O)c2ccccc2)c1,3.8,60.4
CCOC(=O)CC(O)C(C)c1cccc(C(=O)c2ccccc2)c1,CCOC(=O)CC=C(C)c1cccc(C(=O)c2ccccc2)c1,4.7,43.4
CCOC(=O)CC=C(C)c1cccc(C(=O)c2ccccc2)c1,CC(=CCC(=O)O)c1cccc(C(=O)c2ccccc2)c1,4.0,54.4
Cc1c(C(=O)Cl)cccc1[N+](=O)[O-].Fc1ccccc1,Cc1c(C(=O)c2ccc(F)cc2)cccc1[N+](=O)[O-],3.6,62.9
Cc1c(C(=O)c2ccc(F)cc2)cccc1[N+](=O)[O-],Cc1c(N)cccc1C(=O)c1ccc(F)cc1,3.0,43.1
CC(C)=O.Cc1c(CCCCO)cccc1C(=O)c1ccc(F)cc1,Cc1c(CCCC(=O)O)cccc1C(=O)c1ccc(F)cc1,3.8,54.4
CI.Cc1cccc(C(=O)c2ccc(Cl)cc2)c1O,COc1c(C)cccc1C(=O)c1ccc(Cl)cc1,4.2,26.3
COc1c(C)cccc1C(=O)c1ccc(Cl)cc1.O=C1CCC(=O)N1Br,COc1c(CBr)cccc1C(=O)c1ccc(Cl)cc1,4.4,26.3
CCOC(=O)C(Cc1cccc(C(=O)c2ccc(Cl)cc2)c1OC)C(=O)[O-],COc1c(CC(C(=O)O)C(=O)O)cccc1C(=O)c1ccc(Cl)cc1,3.4,101.0
COc1c(CCC(=O)O)cccc1C(=O)c1ccc(Cl)cc1.O=S(Cl)Cl,COc1c(CCC(=O)Cl)cccc1C(=O)c1ccc(Cl)cc1,4.6,43.4
CC(C)=CC(O)C1=C(C)CCCC1(C)C,CC(C)=CC(=O)C1=C(C)CCCC1(C)C,4.1,17.1
C=C(C)CC(O)C1=C(C)CCCC1(C)C,C=C(C)CC(=O)C1=C(C)CCCC1(C)C,4.0,17.1
C=CCBr.CC1=C(C=O)C(C)(C)CCC1,C=CCC(O)C1=C(C)CCCC1(C)C,3.1,20.2
C/C=C\C(O)C1=C(C)CCCC1(C)C,C/C=C/C(=O)C1C(C)=CCCC1(C)C,3.2,17.1
CC=CC(O)C1=C(C)CCCC1(C)C,C/C=C\C(=O)C1C(C)=CCCC1(C)C,3.2,17.1
CC1=C(C=O)C(C)(C)CCC1.CC=CBr,CC=CC(O)C1=C(C)CCCC1(C)C,3.0,20.2
C/C=C\C(=O)C1=C(C)CCCC1(C)C,C/C=C/C(=O)C1=C(C)CCCC1(C)C,3.5,17.1
CC#CC(=O)C1C(C)=CCCC1(C)C,CC#CC(O)C1C(C)=CCCC1(C)C,2.8,20.2
CC(C)=CCCC(C)=CC=O.CC=CBr,CC=CC(O)C=C(C)CCC=C(C)C,4.0,20.2
C#CC.CC1=C(C=O)C(C)(C)CC=C1,CC#CC(O)C1=C(C)C=CCC1(C)C,2.5,20.2
CC#CC(O)C1=C(C)C=CCC1(C)C,C/C=C\C(=O)C1=C(C)C=CCC1(C)C,3.2,17.1
CC(=O)OO.CC=CC(O)C1=C(C)CCCC1(C)C,C/C=C/C(O)C12OC1(C)CCCC2(C)C,2.2,32.8
C/C=C(\C)C(=O)C1=C(C)CC(C)CC1(C)C.C1COCCO1,CC1=C(C)C2(C)CCC(C)C(C)(C)C2C1=O,4.0,17.1
C/C=C/C(=O)C1C(C)=CCCC1(C)C,C=C1C2CCC(C)(C)C1C(=O)CC2C,3.0,17.1
CCC1C(=O)CCc2ccc(OC)cc21.COc1ccc2c(c1)C(C)(CCCCCl)C(=O)CC2,CCC1(CCCCCl)C(=O)CCc2ccc(OC)cc21,4.0,26.3
CC1(CCCCCBr)C(=O)CCc2ccccc21,CC12CCCCCC(Cc3ccccc31)C2=O,4.1,17.1
BrCCCCCBr.COc1ccc2c(c1)C(C)C(=O)CC2,COc1ccc2c(c1)C1(C)CCCCCC(C2)C1=O,4.1,26.3
COc1ccc2c(c1)CCC(=O)C2(C)CCCCCl,COc1ccc2c(c1)CC1CCCCC2(C)C1=O,3.6,26.3
COc1cccc2c1CCC(=O)C2(C)CCCCCl,COc1cccc2c1CC1CCCCC2(C)C1=O,3.6,26.3
CCC1(CCCCCl)C(=O)CCc2ccc(OC)cc21,CCC12CCCCC(Cc3ccc(OC)cc31)C2=O,3.9,26.3
CCC12CCCCC(Cc3ccc(OC)cc31)C2=O.COc1ccc2c(c1)C1(C)CCCCC(C2)C1N,CCC12CCCCC(Cc3ccc(OC)cc31)C2=N,4.0,33.1
CCO.O=C(O)Cc1ccccc1CC(=O)O,CCOC(=O)C1C(=O)Cc2ccccc21,1.8,43.4
BrCCCBr.CCO.CCOC1C(=O)C(=C=O)c2ccccc21.[OH-],CCOC(=O)C1(CCCBr)C(=O)Cc2ccccc21,3.1,43.4
CCOC(=O)C1(CCCBr)C(=O)Cc2ccccc21,CCOC(=O)C12CCCC(C1=O)c1ccccc12,2.7,43.4
CCOC(=O)C12CCCC(C1=NO)c1ccccc12,NC1C2CCCC1(CO)c1ccccc12,1.8,46.2
Cc1ccc(C)cc1.[Li]CCCC,CCC(C)Cc1ccc(C)cc1,4.4,0.0
CCC(C)Cl.Cc1ccc(CCl)cc1,CCC(C)Cc1ccc(C)cc1,4.4,0.0
CCC(C)(O)Cc1ccc(C)cc1,C=CC(C)Cc1ccc(C)cc1,4.0,0.0
N#CCCl.Sc1nc2ccccc2s1,N#CCSc1nc2ccccc2s1,2.9,90.2
N#CCCl.O=S([O-])c1ccccc1,N#CCS(=O)(=O)c1ccccc1,0.9,66.3
CCOC(=O)C(=O)c1ccc2cc(OC)ccc2c1,CCOC(=O)C(O)c1ccc2cc(OC)ccc2c1,2.4,55.8
CCOC(=O)C(O)c1ccc2cc(OC)ccc2c1,COc1ccc2cc(C(O)C(=O)O)ccc2c1,2.2,66.8
CC(C)N.CCOC(=O)C(O)c1ccc2cc(OC)ccc2c1,COc1ccc2cc(C(O)C(=O)NC(C)C)ccc2c1,2.8,58.6
CCOC(=O)C(O)(Cl)c1ccc2cc(OC)ccc2c1,CCOC(=O)C(Cl)c1ccc2cc(OC)ccc2c1,3.7,35.5
CCOC(=O)C(Cl)c1ccc2cc(OC)ccc2c1,COc1ccc2cc(C(Cl)C(=O)O)ccc2c1,3.5,46.5
BrP(Br)(Br)(Br)Br.CCOC(=O)C(O)c1ccc2cc(OC)ccc2c1,CCOC(=O)C(Br)c1ccc2cc(OC)ccc2c1,3.8,35.5
CCOC(=O)C(Br)c1ccc2cc(OC)ccc2c1.[I-],CCOC(=O)C(I)c1ccc2cc(OC)ccc2c1,3.7,35.5
COc1ccc2cc(C(Cl)C(=O)O)ccc2c1.[SH-],COc1ccc2cc(C(S)C(=O)O)ccc2c1,3.2,47.5
CC(O)=S.COc1ccc2cc(C(Cl)C(=O)O)ccc2c1,COc1ccc2cc(C(SC(C)=O)C(=O)O)ccc2c1,3.3,88.9
COc1ccc2cc(C(Cl)C(=O)O)ccc2c1.OC(=S)c1ccccc1,COc1ccc2cc(C(SC(=O)c3ccccc3)C(=O)O)ccc2c1,5.0,88.9
CC(=S)[S-].CCOC(=O)C(Cl)c1ccc2cc(OC)ccc2c1,CCOC(=O)C(SC(C)=S)c1ccc2cc(OC)ccc2c1,4.1,92.9
COc1ccc2cc(C(Cl)C(=O)O)ccc2c1.N#C[S-],COc1ccc2cc(C(SC#N)C(=O)O)ccc2c1,3.6,95.6
CCN(CC)C(=O)Cl.COc1ccc2cc(C(SC(N)=O)C(=O)O)ccc2c1,CCN(CC)C(=O)SC(C(=O)O)c1ccc2cc(OC)ccc2c1,4.1,92.1
Cn1c(-c2ccccc2)cc(-c2ccccc2)[n+]1C,CN1C(c2ccccc2)CC(c2ccccc2)N1C,3.7,6.5
CC#CCOS(=O)(=O)c1ccc(C)cc1.Oc1ccccc1O,CCC#COc1ccccc1O,2.6,29.5
C#CC(C)OS(=O)(=O)c1ccc(C)cc1.Oc1ccccc1O,C#CC(C)Oc1ccccc1O,1.8,29.5
O=C(O)CCCCCCC1C(=O)CC(=O)C1=O,O=C(O)CCCCCCC1C(=O)CCC1=O,1.5,71.4
CCO.O=C(O)CCCCCCC1C(=O)CCC1=O.c1ccccc1,CCOC(=O)CCCCCCC1=C(OCC)CCC1=O,3.0,52.6
CCOC(=O)CCCCCCC1=C(OCC)CCC1=O,CCOC1=C(CCCCCCC(=O)O)C(=O)CC1,2.3,63.6
C1COOOC1.CC(C)C(=O)OC(=O)C(C)C.O=C([O-])O,CC(C)C(=O)OCOC(=O)C(C)C,2.2,52.6
CC=O.CCC(=O)OC(=O)CC.O=C([O-])O,CCC(=O)OC(C)OC(=O)CC,1.5,52.6
CCC(=O)OC(=O)CC.O=CC(Cl)(Cl)Cl,CCC(=O)OC(OC(=O)CC)C(Cl)(Cl)Cl,3.0,52.6
C=CC=O.CCC(=O)OC(=O)CC,C=CC(OC(=O)CC)OC(=O)CC,1.7,52.6
Nc1cccc(C(=O)O)c1.O=C(CC1CCc2ccccc2C1=O)c1ccccc1,O=C(O)c1cccc(-n2c(-c3ccccc3)cc3c2-c2ccccc2CC3)c1,5.5,42.2
Cc1ccccc1.O.O=C(CBr)c1ccccc1,O=C(CC1CCCCC1=O)c1ccccc1,2.3,34.1
Nc1cccc(C(=O)O)c1.O=C(CC1CCCCC1=O)c1ccccc1,O=C(O)c1cccc(-n2c(-c3ccccc3)cc3c2CCCC3)c1,4.7,42.2
COC(=O)c1ccccc1N.O=C(CC1CCCCC1=O)c1ccccc1,COC(=O)c1ccccc1-n1c(-c2ccccc2)cc2c1CCCC2,5.1,31.2
Nc1ccc(C(=O)O)cc1.O=C(CC1CCCCC1=O)c1ccccc1,O=C(O)c1ccc(-n2c(-c3ccccc3)cc3c2CCCC3)cc1,4.7,42.2
Nc1ccc(O)c(C(=O)O)c1.O=C(CC1CCc2ccccc2C1=O)c1ccccc1,O=C(O)c1cc(-n2c(-c3ccccc3)cc3c2-c2ccccc2CC3)ccc1O,5.7,62.5
Nc1ccc(C(=O)O)c(O)c1.O=C(CC1CCCCC1=O)c1ccccc1,O=C(O)c1ccc(-n2c(-c3ccccc3)cc3c2CCCC3)cc1O,4.9,62.5
Nc1ccccc1C(=O)O.O=C(CC1CCc2ccccc2C1=O)c1ccccc1,O=C(O)c1ccccc1-n1c(-c2ccccc2)cc2c1-c1ccccc1CC2,5.5,42.2
Nc1ccc(O)c(C(=O)O)c1.O=C(CC1CCCCC1=O)c1ccccc1,O=C(O)c1cc(-n2c(-c3ccccc3)cc3c2CCCC3)ccc1O,4.9,62.5
CC(=O)OC(C)=O.O=C(O)c1cc(-n2c(-c3ccccc3)cc3c2CCCC3)ccc1O,CC(=O)Oc1ccc(-n2c(-c3ccccc3)cc3c2CCCC3)cc1C(=O)O,4.5,68.5
CO.O=C(O)c1cc(-n2c(-c3ccccc3)cc3c2CCCC3)ccc1O,COC(=O)c1cc(-n2c(-c3ccccc3)cc3c2CCCC3)ccc1O,5.3,51.5
O=C(O)c1cc(-n2c(-c3ccccc3)cc3c2CCCC3)ccc1O,O=C(O)c1cc(-n2c(-c3ccccc3)cc3ccccc32)ccc1O,5.0,62.5
CC(=O)OC(C)=O.O=C(O)c1cc(-n2c(-c3ccccc3)cc3ccccc32)ccc1O,CC(=O)Oc1ccc(-n2c(-c3ccccc3)cc3ccccc32)cc1C(=O)O,4.6,68.5
Cc1ccccc1.O.O=C(CBr)c1ccc(Br)cc1,O=C(CC1CCCCC1=O)c1ccc(Br)cc1,3.0,34.1
C1=C(N2CCCC2)CCCC1.O.O=C(CBr)c1cccc(C(F)(F)F)c1,O=C(CC1CCCCC1=O)c1cccc(C(F)(F)F)c1,3.2,34.1
Nc1ccc(O)c(C(=O)O)c1.O=C(CC1CCCCC1=O)c1cccc(C(F)(F)F)c1,O=C(O)c1cc(-n2c(-c3cccc(C(F)(F)F)c3)cc3c2CCCC3)ccc1O,5.8,62.5
COc1ccc(C(=O)CC2CCCCC2=O)cc1.Nc1ccc(O)c(C(=O)O)c1,COc1ccc(-c2cc3c(n2-c2ccc(O)c(C(=O)O)c2)CCCC3)cc1,4.9,71.7
Cc1ccccc1.O.O=C(CBr)c1ccccc1,O=C(CC1CCCC1=O)c1ccccc1,1.7,34.1
Nc1ccc(O)c(C(=O)O)c1.O=C(CC1CCCC1=O)c1ccccc1,O=C(O)c1cc(-n2c(-c3ccccc3)cc3c2CCC3)ccc1O,4.4,62.5
Nc1ccc(O)c(C(=O)O)c1.O=C(CC1CCCCC1=O)c1ccc(Br)cc1,O=C(O)c1cc(-n2c(-c3ccc(Br)cc3)cc3c2CCCC3)ccc1O,5.6,62.5
CN(C)C=O.O=C(O)c1cc(-n2c(-c3ccc(Br)cc3)cc3c2CCCC3)ccc1O,N#Cc1ccc(-c2cc3c(n2-c2ccc(O)c(C(=O)O)c2)CCCC3)cc1,4.7,86.2
C1=C(N2CCCC2)CCc2ccccc21.O.O=C(CBr)c1ccccc1,O=C(CC1C(=O)CCc2ccccc21)c1ccccc1,2.9,34.1
Nc1ccc(O)c(C(=O)O)c1.O=C(CC1C(=O)CCc2ccccc21)c1ccccc1,O=C(O)c1cc(-n2c(-c3ccccc3)cc3c2CCc2ccccc2-3)ccc1O,5.7,62.5
CO.O=C(O)c1cc(-n2c(-c3ccccc3)cc3c2CCc2ccccc2-3)ccc1O,COC(=O)c1cc(-n2c(-c3ccccc3)cc3c2CCc2ccccc2-3)ccc1O,6.0,51.5
CCO.O=C(O)c1cc(-n2c(-c3ccccc3)cc3c2CCc2ccccc2-3)ccc1O,CCOC(=O)c1cc(-n2c(-c3ccccc3)cc3c2CCc2ccccc2-3)ccc1O,6.4,51.5
CC(=O)O.CC(=O)OC(C)=O.O=C(O)c1cc(-n2c(-c3ccccc3)cc3c2CCc2ccccc2-3)ccc1O,CC(=O)Oc1ccc(-n2c3c(c(C(C)=O)c2-c2ccccc2)-c2ccccc2CC3)cc1C(=O)O,4.9,85.6
CC(=O)OC(C)=O.O=C(O)c1cc(-n2c(-c3ccccc3)cc3c2CCc2ccccc2-3)ccc1O,CC(=O)Oc1ccc(-n2c(-c3ccccc3)cc3c2CCc2ccccc2-3)cc1C(=O)O,5.2,68.5
O=C(O)c1cc(-n2c(-c3ccccc3)cc3c2CCc2ccccc2-3)ccc1O,O=C(O)c1cc(-n2c(-c3ccccc3)cc3c4ccccc4ccc32)ccc1O,6.3,62.5
COc1cccc(C(=O)CC2CCCCC2=O)c1.Nc1ccc(O)c(C(=O)O)c1,COc1cccc(-c2cc3c(n2-c2ccc(O)c(C(=O)O)c2)CCCC3)c1,4.9,71.7
Nc1cc(C(=O)O)c(O)cc1C(F)(F)F.O=C(CC1CCCCC1=O)c1ccccc1,O=C(O)c1cc(-n2c(-c3ccccc3)cc3c2CCCC3)c(C(F)(F)F)cc1O,5.8,62.5
Nc1ccc(O)c(C(=O)O)c1.O=C(CC1CCCCC1=O)c1ccc(F)cc1,O=C(O)c1cc(-n2c(-c3ccc(F)cc3)cc3c2CCCC3)ccc1O,5.0,62.5
C1=C(N2CCCC2)CCCC1.CN(C)C=O.Cc1ccc(C(=O)CBr)cc1,Cc1ccc(C(=O)CC2CCCCC2=O)cc1,2.6,34.1
Cc1ccc(C(=O)CC2CCCCC2=O)cc1.Nc1ccc(O)c(C(=O)O)c1,Cc1ccc(-c2cc3c(n2-c2ccc(O)c(C(=O)O)c2)CCCC3)cc1,5.3,62.5
CC(C)(C)C1CCc2c(cc(-c3ccccc3)n2-c2ccc(O)c(C(=O)O)c2)C1,CC(C)(C)c1ccc2c(c1)cc(-c1ccccc1)n2-c1ccc(O)c(C(=O)O)c1,6.7,62.5
CC(C)(C)C(=O)CC1C(=O)CCc2ccccc21.Nc1ccc(O)c(C(=O)O)c1,CC(C)(C)c1cc2c(n1-c1ccc(O)c(C(=O)O)c1)CCc1ccccc1-2,5.7,62.5
Nc1cc(Cl)c(O)c(C(=O)O)c1.O=C(CC1CCCCC1=O)c1ccccc1,O=C(O)c1cc(-n2c(-c3ccccc3)cc3c2CCCC3)cc(Cl)c1O,5.6,62.5
Nc1ccc(O)c(C(=O)O)c1.O=C(CC1CCCCC1=O)c1ccc(O)cc1,O=C(O)c1cc(-n2c(-c3ccc(O)cc3)cc3c2CCCC3)ccc1O,4.6,82.7
CC1CCC(=O)C(CC(=O)c2ccccc2)C1.Nc1ccc(O)c(C(=O)O)c1,CC1CCc2c(cc(-c3ccccc3)n2-c2ccc(O)c(C(=O)O)c2)C1,5.2,62.5
CC(=O)Nc1ccc(-n2c(-c3ccccc3)cc3c2CCCC3)cc1C(=O)O,Nc1ccc(-n2c(-c3ccccc3)cc3c2CCCC3)cc1C(=O)O,4.6,68.2
CC(=O)Nc1cc(N)cc(C(=O)O)c1O.O=C(CC1CCCCC1=O)c1ccccc1,CC(=O)Nc1cc(-n2c(-c3ccccc3)cc3c2CCCC3)cc(C(=O)O)c1O,4.1,91.6
Nc1cc(Br)c(O)c(C(=O)O)c1.O=C(CC1CCCCC1=O)c1ccccc1,O=C(O)c1cc(-n2c(-c3ccccc3)cc3c2CCCC3)cc(Br)c1O,5.6,62.5
COC1CCC(=O)C(CC(=O)c2ccccc2)C1.Nc1ccc(O)c(C(=O)O)c1,COC1CCc2c(cc(-c3ccccc3)n2-c2ccc(O)c(C(=O)O)c2)C1,4.3,71.7
C1=C(N2CCCC2)CCCC1.CCO.O=C(CBr)c1ccc(Cl)c(Cl)c1,O=C(CC1CCCCC1=O)c1ccc(Cl)c(Cl)c1,3.5,34.1
C1=C(N2CCCC2)CCC1.CCO.O=C(CBr)c1ccc(Br)cc1,O=C(CC1CCCC1=O)c1ccc(Br)cc1,2.4,34.1
Nc1ccc(O)c(C(=O)O)c1.O=C(CC1CCCC1=O)c1ccc(Br)cc1,O=C(O)c1cc(-n2c(-c3ccc(Br)cc3)cc3c2CCC3)ccc1O,5.1,62.5
C1=C(N2CCCC2)CCCC1.CCO.O=C(CBr)c1ccc([N+](=O)[O-])cc1,O=C(CC1CCCCC1=O)c1ccc([N+](=O)[O-])cc1,2.1,80.0
Nc1ccc(O)c(C(=O)O)c1.O=C(CC1CCCCC1=O)c1ccc([N+](=O)[O-])cc1,O=C(O)c1cc(-n2c(-c3ccc([N+](=O)[O-])cc3)cc3c2CCCC3)ccc1O,4.8,108.0
Nc1ccc(O)c(C(=O)O)c1.O=C(CC1C(=O)CCc2cc(Cl)ccc21)c1ccccc1,O=C(O)c1cc(-n2c(-c3ccccc3)cc3c2CCc2cc(Cl)ccc2-3)ccc1O,6.3,62.5
Nc1ccc(O)c(C(=O)O)c1.O=C(CC1C(=O)Cc2ccccc21)c1ccccc1,O=C(O)c1cc(-n2c(-c3ccccc3)cc3c2Cc2ccccc2-3)ccc1O,5.4,62.5
Nc1ccc(O)c(C(=O)O)c1.O=C(CC1CCCCC1=O)c1cccs1,O=C(O)c1cc(-n2c(-c3cccs3)cc3c2CCCC3)ccc1O,4.7,90.7
COC(=O)c1cc(-n2c(-c3ccccc3)cc3c2CCc2ccccc2-3)ccc1O.[NH4+].[OH-],NC(=O)c1cc(-n2c(-c3ccccc3)cc3c2CCc2ccccc2-3)ccc1O,5.0,68.2
N#CCN.O=C(Cl)COc1ccc(Cl)cc1Cl,N#CCNC(=O)COc1ccc(Cl)cc1Cl,2.3,62.1
COC(=O)C(F)(F)F.N=C(N)NC(=N)NCc1ccccc1,Nc1nc(NCc2ccccc2)nc(C(F)(F)F)n1,2.4,76.7
ClC(Cl)(Cl)c1nc(C(Cl)(Cl)Cl)nc(C(Cl)(Cl)Cl)n1.NCc1ccccc1,ClC(Cl)(Cl)c1nc(NCc2ccccc2)nc(C(Cl)(Cl)Cl)n1,5.1,50.7
CNc1nc(NCc2ccccc2)nc(C(Cl)(Cl)Cl)n1,Nc1nc(NCc2ccccc2)nc(C(Cl)(Cl)Cl)n1,3.1,76.7
C1CO1.Oc1c(Br)cc(Br)cc1Br,CC(O)Oc1c(Br)cc(Br)cc1Br,4.0,29.5
C1CO1.Oc1c(Br)cc(Br)cc1Br,CC(O)Oc1c(Br)cc(Br)cc1Br,4.0,29.5
C(=Nc1ccccc1)c1ccccc1.Cc1ccc(-c2cc3ccc4ccccc4c3o2)cc1,C(=Cc1ccc(-c2cc3ccc4ccccc4c3o2)cc1)c1ccccc1,7.5,13.1
C(=Nc1ccccc1)c1ccccc1.COc1ccc2cc(-c3ccc(C)cc3)oc2c1,COc1ccc2cc(-c3ccc(C=Cc4ccccc4)cc3)oc2c1,6.2,22.4
Cc1ccc(C(=O)CCl)cc1.Oc1ccc(Cl)cc1Cl,Cc1ccc(C(=O)COc2ccc(Cl)cc2Cl)cc1,5.0,26.3
C(=Nc1ccccc1)c1ccc(-c2ccccc2)cc1.Cc1ccc(-c2cc3cc(Cl)cc(Cl)c3o2)cc1,Clc1cc(Cl)c2oc(-c3ccc(C=Cc4ccc(-c5ccccc5)cc4)cc3)cc2c1,9.1,13.1
ClP(c1ccccc1)c1ccccc1.Oc1ccccc1,OP(c1ccccc1)c1ccccc1,2.6,20.2
CC(C)C[C@H](NC(=O)OC(C)(C)C)C(=O)O,CC(C)C[C@H](NC(=O)OC(C)(C)C)C(=O)O,2.2,75.6
CCN(CC)CC.NCC(=O)O.O.O=C(O)CNC(=O)OC(c1ccccc1)c1ccccc1,O=C(O)CNC(=O)C(c1ccccc1)c1ccccc1,2.4,66.4
C1N2CN3CN1CN(C2)C3.NS(N)(=O)=O.OCP(CO)CO,O=S1(=O)N2CN3CN1CP(C3)C2,-1.0,52.2
CC(C)(C)OO.O=S1(=O)N2CN3CN1CP(C3)C2,O=P12CN3CN(C1)S(=O)(=O)N(C3)C2,-1.6,69.3
O=S1(=O)N2CN3CN1CP(C3)C2,C1N2CN3CP(C2)CN1S3,0.5,35.0
CC(=O)Nc1cccc2c(OC(C)=O)c(S(=O)(=O)Cl)ccc12.[NH4+],CC(=O)Nc1cccc2c(O)c(S(N)(=O)=O)ccc12,1.1,118.0
CC(=O)Nc1cccc2c(OC(C)=O)c(S(=O)(=O)[O-])ccc12.O=P(Cl)(Cl)Cl,CC(=O)Nc1cccc2c(OC(C)=O)c(S(=O)(=O)Cl)ccc12,2.1,97.9
Cc1ccc(S(=O)(=O)Cl)cc1.Nc1cccc2c(O)cccc12,Cc1ccc(S(=O)(=O)Nc2cccc3c(O)cccc23)cc1,3.7,74.8
COC(=O)C1N2C(=O)C(N3C(=O)c4ccccc4C3=O)[C@H]2S(=O)C1(C)C.O=S(Cl)Cl,COC(=O)C1N2C(=O)C(N3C(=O)c4ccccc4C3=O)[C@H]2SC[C@@]1(C)O,0.9,130.0
CC(=O)N(C)C.COc1ccc(COC(=O)C2N3C(=O)C(N4C(=O)c5ccccc5C4=O)[C@H]3S(=O)C2(C)C)cc1,COc1ccc(COC(=O)C2N3C(=O)C(N4C(=O)c5ccccc5C4=O)[C@H]3SC[C@@]2(C)O)cc1,2.4,139.0
CCOC(C)=O.COc1ccc2c(c1OC)CN(C)CCc1cc(OCc3ccccc3)ccc1CC2,COc1ccc2c(c1OC)CN(C=O)CCc1cc(OCc3ccccc3)ccc1CC2,4.9,48.0
C=O.COc1ccc2c(c1OC)CNCCc1cc(O)ccc1CC2,COc1ccc2c(c1OC)CN(C)CCc1cc(O)ccc1CC2,3.6,41.9
C=CCBr.COc1ccc2c(c1OC)CNCCc1cc(O)ccc1CC2,C=CCN1CCc2cc(O)ccc2CCc2ccc(OC)c(OC)c2C1,4.2,41.9
C1CCC(NC2CCCCC2)CC1,C1CCC(NC2CCCCC2)CC1,3.4,12.0
CC1=C(C(=O)O)N2C(=O)C(NC(=O)COc3ccccc3)[C@H]2SC1,CC1=C(C(=O)O)N2C(=O)[C@@H](N)[C@H]2SC1,-3.1,109.0
CO.COC(C)=S.C[O-].N#CCCl,COC(=O)CSCC#N,0.6,75.4
C1CCOC1.COP(C)(=O)OC.[Li]CCCC,COP(=O)(CC(=O)Cc1ccccc1)OC,0.8,52.6
CC1(Cl)CSC2C(NC(=O)Cc3ccccc3)C(=O)N2C1C(=O)OCc1ccc([N+](=O)[O-])cc1,CC1(Cl)CSC2C(N)C(=O)N2C1C(=O)OCc1ccc([N+](=O)[O-])cc1,1.3,144.0
CON=C(C(=O)N[C@@H]1C(=O)N2[C@@H](C(=O)O)C(C)(C)S[C@H]12)c1ccccc1Cl.CON=C(C(=O)N[C@@H]1C(=O)N2[C@@H](C(=O)O)C(C)(C)S[C@H]12)c1cccn1C,CON=C(C(=O)N[C@@H]1C(=O)N2[C@@H](C(=O)O)C(C)(C)S[C@H]12)c1cccc2ccccc12,3.6,134.0
C=COCC.COC(=O)C(=NO)c1cccs1,CCOCCON=C(C(=O)OC)c1cccs1,2.5,85.4
ClCc1cccs1.O=C1c2ccccc2C(=O)N1O,O=C1c2ccccc2C(=O)N1OCc1cccs1,2.2,74.8
ClCc1ccco1.O=C1c2ccccc2C(=O)N1O,O=C1c2ccccc2C(=O)N1OCc1ccco1,1.5,59.8
BrC1CCCC1.O=C1c2ccccc2C(=O)N1O,O=C1c2ccccc2C(=O)N1OC1CCCC1,2.6,46.6
Clc1ccc2c(c1)C(c1ccccc1)=NCCN2.OCCS,OCCSC1CN=C(c2ccccc2)c2cc(Cl)ccc2N1,3.8,69.9
Clc1ccc2c(c1)C1(c3ccccc3)NCC(N2)S1.OCCS,OCCSC1CN=C(c2ccccc2)c2cc(Cl)ccc2N1,3.8,69.9
Clc1ccc2c(c1)C1(c3ccccc3)NCC(N2)S1.O=C(O)CS,O=C1CSC2CN=C(c3ccccc3)c3cc(Cl)ccc3N12,3.6,58.0
CC(=O)O[C@H]1[C@]2(O)C[C@]34SSS[C@](CO)(C(=O)N3[C@@H]2C[C@@]12OC(C)C(C)(C)C2=O)N(C)C4=O,CC(=O)OC1C2(CC3N4C(=O)C5(CO)SSC4(CC31O)C(=O)N5C)OC(C)C(C)(C)C2=O,-0.6,184.0
N#Cc1ccccc1,c1ccc(-c2nc(-c3ccccc3)nc(-c3ccccc3)n2)cc1,5.0,38.7
N#Cc1ccccc1,c1ccc(-c2nc(-c3ccccc3)nc(-c3ccccc3)n2)cc1,5.0,38.7
CCOC(=O)C(C#N)=NC=C(c1ccccc1)N1CCOCC1,CCOC(=O)C(C#N)=NC=Cc1ccccc1,2.8,62.4
COC(=O)C(C#N)=NC(C)=C(c1ccccc1)N1CCOCC1,COC(=O)C(C#N)=NC(C)=C(N)c1ccccc1,1.9,88.5
CCOC(=O)C(C#N)=NC=C(c1ccccc1)N1CCOCC1,COC(=O)C(C#N)=NC=C(N)c1ccccc1,1.5,88.5
COC(=O)C(C#N)=NC(C)=C(N)c1ccccc1,COC(=O)c1nc(C)c(-c2ccccc2)nc1N,2.2,78.1
COC(=O)C(C#N)=NC(C)=C(N)c1ccccc1,COC(=O)c1ncc(-c2ccccc2)nc1N,1.8,78.1
CC(N=C(C#N)C#N)=C(c1ccccc1)N1CCOCC1,Cc1nc(C#N)c(N)nc1-c1ccccc1,2.1,75.6
CC(=O)OCC1=C(C(=O)O)N2C(=O)[C@@H](N)[C@H]2SC1,C=C1CS[C@@H]2C(N)C(=O)N2C1C(=O)O,-3.2,109.0
Clc1nccc2cc3c(cc12)OCO3.NCCCCCO,OCCCCCNc1nccc2cc3c(cc12)OCO3,2.6,63.6
CCNCC(=O)O.O=[N+]([O-])c1ccccc1CCl,O=C(O)CNCCCc1ccccc1[N+](=O)[O-],-0.7,95.2
O=C(O)CNCCCc1ccccc1[N+](=O)[O-],Nc1ccccc1CCCNCC(=O)O,-1.3,75.4
BrBr.O=C1CN2Cc3ccccc3N=C2N1,O=C1CN2Cc3cc(Br)ccc3N=C2N1,1.0,44.7
O=C1CN2Cc3cc([N+](=O)[O-])ccc3N=C2N1,Nc1ccc2c(c1)CN1CC(=O)NC1=N2,-0.3,70.7
Cc1cccc([N+](=O)[O-])c1C(=O)O,Cc1cccc([N+](=O)[O-])c1CO,1.6,66.0
Cc1c(Br)cccc1[N+](=O)[O-].O=C1CCC(=O)N1Br,O=[N+]([O-])c1cccc(Br)c1CBr,3.0,45.8
Cl.Nc1cccc(C(F)(F)F)c1CO,Nc1cccc(C(F)(F)F)c1CCl,2.5,26.0
CCOC(=O)CN1C(Cl)=Nc2cccc(C)c2C1C.N,Cc1cccc2c1C(C)N1CC(=O)NC1=N2,1.1,44.7
CCOC(=O)CNCc1c(C)cccc1N.O=C(n1ccnc1)n1ccnc1,CCOC(=O)CN1Cc2c(C)cccc2NC1=O,1.3,58.6
CNCCC=O.Cc1nnc(N=C=O)s1,Cc1nnc(NC(=O)N(C)CCC=O)s1,-0.3,103.0
Cc1nnc(NC(=O)N(C)CCC=O)s1,Cc1nnc(N2C(=O)N(C)CCC2O)s1,0.1,97.8
CCNCCC=O.COc1nnc(N=C=O)s1,CCN(CCC=O)C(=O)Nc1nnc(OC)s1,0.0,113.0
CCN(CCC=O)C(=O)Nc1nnc(OC)s1,CCN1CCC(O)N(c2nnc(OC)s2)C1=O,0.4,107.0
CCN1CCC(O)N(c2nnc(OC)s2)C1=O.Cc1ccccc1S(=O)(=O)O,CCOC1CCN(CC)C(=O)N1c1nnc(OC)s1,1.3,96.0
CCCN(CCC=O)C(=O)Nc1nnc(SC)s1,CCCN1CCC(O)N(c2nnc(SC)s2)C1=O,1.4,123.0
C=CCNCCC=O.CS(=O)(=O)c1nnc(N=C=O)s1,C=CCN(CCC=O)C(=O)Nc1nnc(S(C)(=O)=O)s1,-0.5,146.0
C=CCN1CCC(O)N(c2nnc(S(C)(=O)=O)s2)C1=O.Cc1ccccc1S(=O)(=O)O,C=CCN1CCC(OCCCC)N(c2nnc(S(C)(=O)=O)s2)C1=O,1.7,129.0
C#CCNCCC=O.CS(=O)c1nnc(N=C=O)s1,C#CCN(CCC=O)C(=O)Nc1nnc(S(C)=O)s1,-1.1,140.0
C#CCN(CCC=O)C(=O)Nc1nnc(S(C)=O)s1,C#CCN1CCC(O)N(c2nnc(S(C)=O)s2)C1=O,-0.7,134.0
C#CCN1CCC(O)N(c2nnc(S(C)=O)s2)C1=O.Cc1ccccc1S(=O)(=O)O,C#CCN1CCC(OCCCCCC)N(c2nnc(S(C)=O)s2)C1=O,2.1,123.0
CNCCC=O.O=C=Nc1nnc(C(F)(F)F)s1.O=C=Nc1nnc(C(F)(F)F)s1,CN(CCC=O)C(=O)Nc1nnc(C(F)(F)F)s1,0.2,103.0
CN(CCC=O)C(=O)Nc1nnc(C(F)(F)F)s1,CN1CCC(O)N(c2nnc(C(F)(F)F)s2)C1=O,0.6,97.8
CN1CCC(O)N(c2nnc(C(F)(F)F)s2)C1=O.Cc1ccccc1S(=O)(=O)O,COC1CCN(C)C(=O)N1c1nnc(C(F)(F)F)s1,1.1,86.8
CC(C)(C)c1nnc(N=C=O)s1.CNCCC=O,CN(CCC=O)C(=O)Nc1nnc(C(C)(C)C)s1,1.0,103.0
CN(CCC=O)C(=O)Nc1nnc(C(C)(C)C)s1,CN1CCC(O)N(c2nnc(C(C)(C)C)s2)C1=O,1.4,97.8
CN1CCC(O)N(c2nnc(C(C)(C)C)s2)C1=O.Cc1ccccc1S(=O)(=O)O,COC1CCN(C)C(=O)N1c1nnc(C(C)(C)C)s1,1.9,86.8
C=CCCN.O=CCCBr,C=CCCNCCC=O,0.3,29.1
C=CCCNCCC=O.COc1nnc(N=C=O)s1,C=CCCN(CCC=O)C(=O)Nc1nnc(OC)s1,0.7,113.0
C=CCCN(CCC=O)C(=O)Nc1nnc(OC)s1,C=CCCN1CCC(O)N(c2nnc(OC)s2)C1=O,1.1,107.0
C=CCCN1CCC(O)N(c2nnc(OC)s2)C1=O.Cc1ccccc1S(=O)(=O)O,C=CCCN1CCC(OCC)N(c2nnc(OC)s2)C1=O,2.0,96.0
C#CC(C)(C)N.O=CCCBr,C#CC(C)(C)NCCC=O,-0.1,29.1
C#CC(C)(C)N1CCC(O)N(c2nnc(C(F)(F)F)s2)C1=O.Cc1ccccc1S(=O)(=O)O,C#CC(C)(C)N1CCC(OC)N(c2nnc(C(F)(F)F)s2)C1=O,1.8,86.8
C=CCc1nnc(N)s1.O=C(Cl)Cl,C=CCc1nnc(N=C=O)s1,2.6,83.4
C=CCc1nnc(NC(=O)N(CCl)CCC=O)s1,C=CCc1nnc(N2C(=O)N(CCl)CCC2O)s1,1.5,97.8
C=CCc1nnc(N2C(=O)N(CCl)CCC2O)s1.Cc1ccccc1S(=O)(=O)O,C=CCc1nnc(N2C(=O)N(CCl)CCC2OC)s1,2.0,86.8
Cc1ccc(N2CCNCC2)cc1.ClCCCBr,Cc1ccc(N2CCN(CCCCl)CC2)cc1,3.2,6.5
ClCCCN1CCN(c2ccccc2Cl)CC1.O=C1CCCc2c(O)cccc21,O=C1CCCc2c(OCCCN3CCN(c4ccccc4Cl)CC3)cccc21,4.6,32.8
ClCCCN1CCN(c2ccc(Cl)cc2)CC1.O=C1CCCc2c(O)cccc21,O=C1CCCc2c(OCCCN3CCN(c4ccc(Cl)cc4)CC3)cccc21,5.1,32.8
Cc1ccccc1N1CCN(CCCCl)CC1.O=C1CCCc2c(O)cccc21,Cc1ccccc1N1CCN(CCCOc2cccc3c2CCCC3=O)CC1,4.3,32.8
COc1ccccc1N1CCN(CCCCl)CC1.O=C1CCCc2c(O)cccc21,COc1ccccc1N1CCN(CCCOc2cccc3c2CCCC3=O)CC1,4.0,42.0
COc1ccc(N2CCN(CCCCl)CC2)cc1.O=C1CCCc2c(O)cccc21,COc1ccc(N2CCN(CCCOc3cccc4c3CCCC4=O)CC2)cc1,4.4,42.0
ClCCCN1CCN(Cc2ccc(Cl)cc2)CC1.O=C1CCCc2c(O)cccc21,O=C1CCCc2c(OCCCN3CCN(Cc4ccc(Cl)cc4)CC3)cccc21,4.8,32.8
CCc1ccccc1N1CCN(CCCCl)CC1.O=C1CCCc2c(O)cccc21,CCc1ccccc1N1CCN(CCCOc2cccc3c2CCCC3=O)CC1,4.8,32.8
ClCCCN1CCN(Cc2ccc(Br)cc2)CC1.O=C1CCCc2c(O)cccc21,O=C1CCCc2c(OCCCN3CCN(Cc4ccc(Br)cc4)CC3)cccc21,4.9,32.8
COc1ccccc1CN1CCN(CCCCl)CC1.O=C1CCCc2c(O)cccc21,COc1ccccc1CN1CCN(CCCOc2cccc3c2CCCC3=O)CC1,3.7,42.0
CCOc1ccccc1CN1CCN(CCCCl)CC1.O=C1CCCc2c(O)cccc21,CCOc1ccccc1CN1CCN(CCCOc2cccc3c2CCCC3=O)CC1,4.0,42.0
CCOc1ccccc1N1CCN(CCCCl)CC1.O=C1CCCc2c(O)cccc21,CCOc1ccccc1N1CCN(CCCOc2cccc3c2CCCC3=O)CC1,4.3,42.0
O=C1CCCc2c(O)cccc21.OC(CCl)CN1CCN(c2ccc(Cl)cc2)CC1,O=C1CCCc2c(OCC(O)CN3CCN(c4ccc(Cl)cc4)CC3)cccc21,4.1,53.0
CC(C)SCl.O=P(Nc1ccccc1)(c1ccccc1)c1ccccc1,CC(C)SN(c1ccccc1)P(=O)(c1ccccc1)c1ccccc1,5.7,45.6
OC1CCNCC1.c1ccc(-c2cc(C3CO3)no2)cc1,OC1CCN(CC(O)c2cc(-c3ccccc3)on2)CC1,1.1,69.7
OC(CBr)c1cc(-c2ccccc2)on1.OC1CCNCC1,OC1CCN(CC(O)c2cc(-c3ccccc3)on2)CC1,1.1,69.7
OC1CCCNC1.c1ccc(-c2cc(C3CO3)no2)cc1,OC1CCCN(CC(O)c2cc(-c3ccccc3)on2)C1,1.1,69.7
Nc1nnn[nH]1.O=C(O)c1ccc2ccccc2n1,O=C(Nc1nnn[nH]1)c1ccc2ccccc2n1,1.2,96.4
O=C(Cl)c1cc(Cl)c2ccc(Cl)cc2n1.O=C(O)c1cc(Cl)c2ccc(Cl)cc2n1,CCCCc1c(C(=O)Cl)nc2ccccc2c1Cl,5.5,30.0
CCCCc1ccc2nc(C(=O)Nc3nnn[nH]3)cc(Cl)c2c1,O=C(Nc1nnn[nH]1)c1cc(Cl)c2ccccc2n1,1.9,96.4
COc1ccc2nc(C(=O)O)cc(Cl)c2c1.Nc1nnn[nH]1,COc1ccc2nc(C(=O)Nc3nnn[nH]3)cc(Cl)c2c1,1.8,106.0
Cc1ccc2c(Cl)cc(C(=O)O)nc2c1C.Nc1nnn[nH]1,Cc1ccc2c(Cl)cc(C(=O)Nc3nnn[nH]3)nc2c1C,2.6,96.4
COc1cc(C(=O)O)nc2ccccc12.Nc1nnn[nH]1,COc1cc(C(=O)Nc2nnn[nH]2)nc2ccccc12,1.2,106.0
COc1cc(C(=O)O)nc2ccc([N+](=O)[O-])cc12.Nc1nnn[nH]1,COc1cc(C(=O)Nc2nnn[nH]2)nc2ccc([N+](=O)[O-])cc12,1.0,152.0
COc1cc(C(=O)O)nc2c([N+](=O)[O-])cccc12.Nc1nnn[nH]1,COc1cc(C(=O)Nc2nnn[nH]2)nc2c([N+](=O)[O-])cccc12,1.0,152.0
COc1cc(C(=O)Nc2nnn[nH]2)nc2c(N)cccc12.COc1cc(C(=O)Nc2nnn[nH]2)nc2c([N+](=O)[O-])cccc12,COc1cc(C(=O)Nc2nnn[nH]2)nc2ccc(N)cc12,0.5,132.0
C=CCBr.CCOC(=O)c1cc(O)c2ccccc2n1,C=CCOc1cc(C(=O)OCC)nc2ccccc12,3.4,48.4
C=CCOc1cc(C(=O)O)nc2ccccc12.Nc1nnn[nH]1,C=CCOc1cc(C(=O)Nc2nnn[nH]2)nc2ccccc12,1.9,106.0
Nc1nnn[nH]1.O=COCCOc1cc(C(=O)O)nc2ccccc12,O=COCCOc1cc(C(=O)Nc2nnn[nH]2)nc2ccccc12,1.1,132.0
O=COCCOc1cc(C(=O)Nc2nnn[nH]2)nc2ccccc12,O=C(Nc1nnn[nH]1)c1cc(OCCO)c2ccccc2n1,0.5,126.0
CCCCOc1cc(C(=O)O)nc2ccccc12.Nc1nnn[nH]1,CCCCOc1cc(C(=O)Nc2nnn[nH]2)nc2ccccc12,2.5,106.0
CCN.O=C(Nc1nnn[nH]1)c1cc(Cl)c2ccccc2n1,CCNc1cc(C(=O)Nc2nnn[nH]2)nc2ccccc12,1.6,109.0
CN=C=S.NCCCNc1ccccn1,CNC(=S)NCCCNc1ccccn1,1.8,81.1
CN=C=S.NCCNCc1ccncc1,CNC(=S)NCCNCc1ccncc1,0.0,81.1
NCCN(C=O)Cc1ccccn1.NCCNC=O,CNC(=O)NCCNCc1ccccn1,-0.6,66.0
NCCCNc1ccccn1.O=C(N=C=S)c1ccccc1,O=C(NC(=S)NCCCNc1ccccn1)c1ccccc1,3.3,98.1
O=C(NC(=S)NCCCNc1ccccn1)c1ccccc1,NC(=S)NCCCNc1ccccn1,1.4,95.1
CCn1c2ccc(OC(C)=O)cc2c2cc(OC(C)=O)ccc21,CCn1c2ccc(O)cc2c2cc(O)ccc21,2.9,45.4
CCn1c2ccc(OC(C)=O)cc2c2cc(OC(C)=O)ccc21.ClCCBr.Clc1ccccc1,CCn1c2ccc(OCCCl)cc2c2cc(OCCCl)ccc21,4.8,23.4
CCn1c2ccc(C(C)=O)cc2c2cc(C(C)=O)ccc21.O=C(OO)c1cccc(Cl)c1,CCn1c2ccc(OC(C)=O)cc2c2cc(OC(C)=O)ccc21,3.1,57.5
O=C([O-])[O-].On1c(C(F)(F)F)nc2ncc(Cl)cc21,COn1c(C(F)(F)F)nc2ncc(Cl)cc21,2.7,39.9
BrCc1ccccc1.On1c(C(F)(F)F)nc2ncc(Cl)cc21,FC(F)(F)c1nc2ncc(Cl)cc2n1OCc1ccccc1,4.1,39.9
CC(=O)OC(C)=O.On1c(C(F)(F)F)nc2ncc(Cl)cc21,CC(=O)On1c(C(F)(F)F)nc2ncc(Cl)cc21,2.4,57.0
CCCCCCCC(=O)Cl.On1c(C(F)(F)F)nc2ncc(Cl)cc21,CCCCCCCC(=O)On1c(C(F)(F)F)nc2ncc(Cl)cc21,5.4,57.0
CS(=O)(=O)Cl.On1c(C(F)(F)F)nc2ncc(Cl)cc21,CS(=O)(=O)On1c(C(F)(F)F)nc2ncc(Cl)cc21,2.2,82.5
Nc1c(Br)nc2nc(C(F)(F)F)n(O)c2c1Br.O=C([O-])[O-],COn1c(C(F)(F)F)nc2nc(Br)c(N)c(Br)c21,3.1,66.0
CN=C=O.On1c(C(F)(F)F)nc2nc(Br)c(Cl)c(Br)c21,CNC(=O)On1c(C(F)(F)F)nc2nc(Br)c(Cl)c(Br)c21,4.0,69.0
CCOC(N)=S.O=C1CCCC(=O)C1Cl,O=C1CCCc2[nH]c(=O)sc21,0.6,71.5
CCOC(=O)C1CCCc2sc(=O)[nH]c21,O=C(O)C1CCCc2sc(=O)[nH]c21,0.5,91.7
CCO.Cc1[nH]c(-c2ccccc2)nc1CC(=O)O,CCOC(=O)Cc1nc(-c2ccccc2)[nH]c1C,2.3,55.0
CNC(=NCCSCc1[nH]cnc1C)NC#N.[O-][I+3]([O-])([O-])[O-],CNC(=NCCS(=O)Cc1[nH]cnc1C)NC#N,-1.1,125.0
CNC(=NCCSCc1nccs1)NC#N.[O-][I+3]([O-])([O-])[O-],CNC(=NCCS(=O)Cc1nccs1)NC#N,-0.6,138.0
O=S(=O)(Cl)c1c[nH]cn1.c1c[nH]cn1,O=S(=O)(c1c[nH]cn1)n1ccnc1,-0.3,89.0
Cc1ncc[nH]1.O=S(=O)(Cl)c1c[nH]cn1,Cc1nccn1S(=O)(=O)c1c[nH]cn1,0.1,89.0
CCc1nc(C)c[nH]1.O=S(=O)(Cl)c1c[nH]cn1,CCc1nc(C)cn1S(=O)(=O)c1c[nH]cn1,0.9,89.0
CCCc1ncc[nH]1.O=S(=O)(Cl)c1c[nH]cn1,CCCc1nccn1S(=O)(=O)c1c[nH]cn1,0.9,89.0
O=S(=O)(Cl)c1c[nH]cn1.c1ccc(-c2c[nH]cn2)cc1,O=S(=O)(c1c[nH]cn1)n1cnc(-c2ccccc2)c1,1.4,89.0
CC(C)c1ncc[nH]1.O=S(=O)(Cl)c1c[nH]cn1,CC(C)c1nccn1S(=O)(=O)c1c[nH]cn1,0.9,89.0
NC(=O)C(Cl)=C(Cl)Cl.O=C(Cl)C(=O)Cl,O=C=NC(=O)C(Cl)=C(Cl)Cl,3.5,46.5
COC(=O)Nc1nc2ccccc2[nH]1.O=C=NC(=O)C(Cl)=C(Cl)Cl,COC(=O)Nc1nc2ccccc2n1C(=O)NC(=O)C(Cl)=C(Cl)Cl,3.2,102.0
CN(C)c1ccc(C=O)c(O)c1.N#CCCl,CN(C)c1ccc(C=O)c(OCC#N)c1,1.3,53.3
CN(C)c1ccc(C=O)c(OCC#N)c1,CN(C)c1ccc2cc(C#N)oc2c1,2.5,40.2
CCOC(=O)c1cc2ccc(N(CC)CC)cc2o1.NN,CCN(CC)c1ccc2cc(C(=O)NN)oc2c1,2.0,71.5
Cc1c([N+](=O)[O-])c(Cl)nn1CO.O=S(Cl)Cl,Cc1c([N+](=O)[O-])c(Cl)nn1CCl,2.0,63.6
Cc1cc(Cl)n(CCCl)n1.O=[N+]([O-])O,Cc1nn(CCCl)c(Cl)c1[N+](=O)[O-],1.9,63.6
CC(=O)O[N+](=O)[O-].Cc1cc(Cl)n(-c2ccccc2)n1,Cc1nn(-c2ccccc2)c(Cl)c1[N+](=O)[O-],3.1,63.6
Cc1n[nH]c(Br)c1Br.O=[N+]([O-])O,Cc1n[nH]c(Br)c1[N+](=O)[O-],1.5,74.5
ClC(c1ccccc1)c1ccccc1.O=C1NCCN1,O=C1NCCN1C(c1ccccc1)c1ccccc1,2.5,32.3
ClCc1ccc2ccccc2c1.O=C1NCCN1,O=C1NCCN1Cc1ccc2ccccc2c1,2.1,32.3
CC(C)C[Al+]CC(C)C.O.O=C(O)c1ccc2c(Br)cccc2c1,OCc1cccc2cc(Br)ccc12,3.1,20.2
O=S(Cl)Cl.OCc1cccc2cc(Br)ccc12,ClCc1cccc2cc(Br)ccc12,4.3,0.0
Fc1ccccc1CCl.O=C1NCCN1,O=C1NCCN1Cc1ccccc1F,0.9,32.3
BrCc1ccc(Br)cc1.O=C1NCCN1,O=C1NCCN1Cc1ccc(Br)cc1,1.5,32.3
ClCc1c(Cl)cccc1Cl.O=C1NCCN1,O=C1NCCN1Cc1c(Cl)cccc1Cl,2.1,32.3
ClCc1ccc(Cl)cc1Cl.O=C1NCCN1,O=C1NCCN1Cc1ccc(Cl)cc1Cl,2.1,32.3
O=C1NCCN1.O=[N+]([O-])c1ccc(O)c(CBr)c1,O=C1NCCN1Cc1cc([N+](=O)[O-])ccc1O,0.3,98.4
ClCc1ccc(OCc2ccccc2)cc1.O=C1NCCN1,O=C1NCCN1Cc1ccc(OCc2ccccc2)cc1,2.3,41.6
N#Cc1ccc(CBr)cc1.O=C1NCCN1,N#Cc1ccc(CN2CCNC2=O)cc1,0.5,56.1
COc1cccc(C2(C(N)=O)CCC(=O)CC2)c1,COc1cccc(C23CCC(=O)C(C2)NC3=O)c1,1.0,55.4
CCO.COc1cccc(C2(C#N)CCC3(CC2)OCCO3)c1,COc1cccc(C2(C(N)=O)CCC3(CC2)OCCO3)c1,1.2,70.8
BrBr.COc1cccc(C2(C(N)=O)CCC(=O)CC2)c1,COc1cccc(C2(C(N)=O)CCC(=O)C(Br)C2)c1,1.6,69.4
COc1cccc(C23CCC(=O)C(C2)NC3=O)c1.NN,COc1cccc(C23CCC(=NN)C(C2)NC3=O)c1,1.0,76.7
COc1cccc(C23CCC(=NN)C(C2)NC3=O)c1,COc1cccc(C23CCCC(C2)NC3=O)c1,2.0,38.3
CI.COc1cccc(C23CCCC(C2)NC3=O)c1,COc1cccc(C23CCCC(C2)N(C)C3=O)c1,2.2,29.5
CN.COC(=O)C1(c2cccc(OC)c2)CCCC(=O)C1,CNC1CCCC(C(=O)OC)(c2cccc(OC)c2)C1,2.4,47.6
CN.COC(=O)C1(c2cccc(OC)c2)CCCC(=O)C1,COc1cccc(C23CCCC(C2)N(C)C3=O)c1,2.2,29.5
CI.COc1cccc(C23CCCC(C2)N(C)C3=O)c1,C=C1N(C)C2CCCC1(c1cccc(OC)c1)C2,3.7,12.5
CCI.COc1cccc(C23CCCC(C2)N(C)C3=O)c1,CC=C1N(C)C2CCCC1(c1cccc(OC)c1)C2,4.0,12.5
CI.COc1cccc(C23CCCC(C2)N(Cc2ccccc2)C3=O)c1,COc1cccc(C23CCCC(C2)N(Cc2ccccc2)C3C)c1,5.0,12.5
COc1cccc(C23CCCC(C2)N(Cc2ccccc2)C3C)c1,COc1cccc(C23CCCC(C2)NC3C)c1,3.0,21.3
COc1cccc(C23CCCC(C2)N(C)C3)c1,CN1CC2(c3cccc(O)c3)CCCC1C2,2.7,23.5
COc1cccc(C23CCCC(C2)N(C)C3C)c1,CC1N(C)C2CCCC1(c1cccc(O)c1)C2,3.1,23.5
CCCCCC(=O)Cl.Oc1cccc(C23CCCC(C2)NC3)c1,CCCCCCN1CC2(c3cccc(O)c3)CCCC1C2,5.0,23.5
O=C(Cl)C1CCC1.Oc1cccc(C23CCCC(C2)NC3)c1,Oc1cccc(C23CCCC(C2)N(CC2CCC2)C3)c1,4.0,23.5
O=C1c2ccccc2CC1Br.O=Cc1ccc(Cl)cc1,O=C1c2ccccc2CC12OC2c1ccc(Cl)cc1,3.4,29.6
O=C1C(=Cc2ccncc2)CCc2ccccc21.OO,O=C1c2ccccc2CCC12OC2c1ccncc1,2.1,42.5
NN.O=C1c2ccccc2CCC12OC2c1ccncc1,c1ccc2c(c1)CCc1c-2n[nH]c1-c1ccncc1,2.8,41.6
Cc1ccc(C(=O)Oc2ccccc2)cc1.O=C1CCc2ccccc21,Cc1ccc(C(=O)C2Cc3ccccc3C2=O)cc1,3.6,34.1
Cc1ccc(C(=O)C2Cc3ccccc3C2=O)cc1.NN,Cc1ccc(-c2[nH]nc3c2Cc2ccccc2-3)cc1,3.9,28.7
O=C1CCCc2ccccc21.O=Cc1ccncc1,O=C1C(=Cc2ccncc2)CCc2ccccc21,3.0,30.0
c1ccc2c(c1)CCCc1c-2n[nH]c1-c1ccncc1,c1ccc2c(c1)CCc1c-2n[nH]c1-c1ccncc1,2.8,41.6
COc1cc(OC)cc(C(C)CCCc2ccc(F)cc2)c1,CC(CCCc1ccc(F)cc1)c1cc(O)cc(O)c1,4.9,40.5
COc1cc(OC)cc(C(C)(O)C(C)CCc2ccc(F)cc2)c1,COc1cc(OC)cc(C(C)C(C)CCc2ccc(F)cc2)c1,5.8,18.5
C=CC(=O)O.Nc1ccc(Cl)c(C(F)(F)F)c1,O=C(O)C=Cc1ccc(Cl)c(C(F)(F)F)c1,3.4,37.3
CC(CCCc1ccc(F)cc1)C1=CC(O)(O)C2=C3CNCCC3C(C)(C)OC2=C1.CC(Cl)=CCCl,CC(CCCc1ccc(F)cc1)C1=CC(O)(O)C2=C3CN(CC=CCl)CCC3C(C)(C)OC2=C1,4.2,52.9
BrCC1CC1.CC(CCCc1ccc(F)cc1)C1=CC(O)(O)C2=C3CNCCC3C(C)(C)OC2=C1,CC(CCCc1ccc(F)cc1)C1=CC(O)(O)C2=C3CN(CC4CC4)CCC3C(C)(C)OC2=C1,4.0,52.9
C#CCN1CCC2C(=C3C(=CC(C(C)CCCc4ccc(F)cc4)=CC3(O)O)OC2(C)C)C1,CCCN1CCC2C(=C3C(=CC(C(C)CCCc4ccc(F)cc4)=CC3(O)O)OC2(C)C)C1,4.2,52.9
CC(CCCc1ccc(F)cc1)C1=CC(O)(O)C2=C3CNCCC3C(C)(C)OC2=C1.COc1cc(C=CCCl)cc(OC)c1OC,COc1cc(C=CCN2CCC3C(=C4C(=CC(C(C)CCCc5ccc(F)cc5)=CC4(O)O)OC3(C)C)C2)cc(OC)c1OC,5.3,80.6
CC(CCCc1ccc(F)cc1)C1=CC(O)(O)C2=C3CNCCC3C(C)(C)OC2=C1.O=C(Cl)C1CCC1,CC(CCCc1ccc(F)cc1)C1=CC(O)(O)C2=C3CN(C(=O)C4CCC4)CCC3C(C)(C)OC2=C1,3.7,70.0
C=C(C)C=C(C)OC(C)=O.CC(C)=CCO,CC(=O)C=C(C)CCC=C(C)C,3.3,17.1
CC(C)=CCO.CCOC(C)(C)CC(C)(OCC)OCC,CC(=O)C=C(C)CCC=C(C)C,3.3,17.1
C=C(C)CC(C)(OCCC)OCCC.CC(C)=CCO,CC(=O)C=C(C)CCC=C(C)C,3.3,17.1
CC(=O)OC(C)=O.O=C(O)c1cc(Cl)ccc1O,CC(=O)Oc1ccc(Cl)cc1C(=O)O,1.8,63.6
CC(=O)Oc1ccccc1C(=O)Cl.N#CCC#N,N#Cc1c(N)oc2ccccc2c1=O,1.6,76.1
N#Cc1c(N)oc2ccccc2c1=O.O=S(=O)(O)O,NC(=O)c1c(N)oc2ccccc2c1=O,1.3,95.4
CC(=O)Oc1ccc(Cl)cc1C(=O)Cl.N#CCC#N,N#Cc1c(N)oc2ccc(Cl)cc2c1=O,2.2,76.1
COc1cccc(C(=O)Cl)c1OC(C)=O.N#CCC#N,COc1cccc2c(=O)c(C#N)c(N)oc12,1.5,85.3
CC(C)(C)C(=O)CBr.CC(C)(C)S,CC(C)(C)SCC(=O)C(C)(C)C,3.0,42.4
C1CCNC1.CNC(=O)C(C(Br)=NO)C(C)(C)C,CNC(=O)C(C(=NO)N1CCCC1)C(C)(C)C,1.7,64.9
CC(C)(C)C(=O)CBr.NO,CC(C)(C)C(CBr)=NO,2.4,32.6
CC(C)(C)C(CBr)=NO.O=N[O-],CC(C)(C)C(C[N+](=O)[O-])=NO,1.6,78.4
CNC(=O)C(C(O)=NO)C(C)(C)C.CS(=O)(=O)Cl,CNC(=O)C(C(=NO)OS(C)(=O)=O)C(C)(C)C,1.1,113.0
CCOC(=O)CCCCC1CCCC1=O,O=C(O)CCCCC1CCCC1=O,1.2,54.4
Cc1ccc(S(=O)(=O)O)cc1.O=C(O)CCCCC1CCCC1=O,CCOC(=O)CCCCC1CCCC1=O,1.9,43.4
Cc1ccc(S(=O)(=O)O)cc1.O=C(O)CCCC1CCCC1=O,CCOC(=O)CCCC1CCCC1=O,1.3,43.4
CC(=O)OC(C)=O.CCOC(=O)CCCCCCC1CCCC1=O,CCOC(=O)CCCCCCC1=C(OC(C)=O)CCC1,3.2,52.6
CC(=O)OC(C)=O.CCOC(=O)CCCC1CCCC1=O,CCOC(=O)CCCC1=C(OC(C)=O)CCC1,1.6,52.6
CC(=O)OC(C)=O.CCOC(=O)CCCCC1CCCC1=O,CCOC(=O)CCCCC1=C(OC(C)=O)CCC1,2.1,52.6
Cc1ccc(S(=O)(=O)O)cc1.O=C(O)CCCCCC1=CCCC1=O,CCOC(=O)CCCCCC1=CCCC1=O,2.4,43.4
CC(=O)OCCCCCC1CCCC1=O.O=C1CCCC1CCCCCO,CC(=O)OCCCCCC1=C(OC(C)=O)CCC1,2.2,52.6
CCCCCC(CC[C@H]1CCC(=O)[C@@H]1CCCCCCC(=O)OCC)OC(C)(C)C,CCCCCC(O)CC[C@H]1CCC(=O)[C@@H]1CCCCCCC(=O)OCC,5.3,63.6
CCCCCC(O)CC[C@H]1CCC(=O)[C@@H]1CCCCCCC(=O)OCC,CCCCCC(O)CC[C@H]1CCC(=O)[C@@H]1CCCCCCC(=O)O,4.6,74.6
CCCCC[C@@H](CC[C@H]1CCC(=O)[C@@H]1CCCCCCC(=O)OC)OC(C)=O,CCCCC[C@H](O)CC[C@H]1CCC(=O)[C@@H]1CCCCCCC(=O)OC,4.9,63.6
CCCCCC(O)CC[C@H]1CCC(=O)[C@@H]1CCCCCCC(=O)OCC.OCCO,CCCCCC(O)CC[C@H]1CC2OCCOC2[C@@H]1CCCCCCC(=O)OCC,5.4,65.0
CCCCCC(O)CC[C@H]1CC2OCCOC2[C@@H]1CCCCCCC(=O)OCC,CCCCCC(=O)CC[C@H]1CC2OCCOC2[C@@H]1CCCCCCC(=O)OCC,4.9,61.8
CCCCCC(=O)CC[C@H]1CC2OCCOC2[C@@H]1CCCCCCC(=O)OCC.CI,CCCCCC(C)(O)CC[C@H]1CC2OCCOC2[C@@H]1CCCCCCC(=O)OCC,5.6,65.0
CCCCCC(C)(O)CC[C@H]1CC2OCCOC2[C@@H]1CCCCCCC(=O)OCC,CCCCCC(C)(O)CC[C@H]1CC2OCCOC2[C@@H]1CCCCCCC(=O)O,4.9,76.0
CCCCC[C@H](O)CC[C@H]1CCC2(OCCO2)[C@@H]1CCCCCCC(=O)OC,CCCCCC(=O)CC[C@H]1CCC2(OCCO2)[C@@H]1CCCCCCC(=O)OC,4.8,61.8
CCCCCC(C)(O)CC[C@H]1CCC2(OCCO2)[C@@H]1CCCCCCC(=O)OC,CCCCCC(C)(O)CC[C@H]1CCC2(OCCO2)[C@@H]1CCCCCCC(=O)O,5.1,76.0
CCCCC[C@@H](CC[C@H]1CCC(=O)[C@@H]1CCCCCCC(=O)OC)OC(C)=O.Cc1ccccc1S(=O)(=O)O.OCc1ccccc1,CCCCC[C@@H](CC[C@H]1CCC(OCc2ccccc2)(OCc2ccccc2)[C@@H]1CCCCCCC(=O)OC)OC(C)=O,9.1,71.1
CCCCCC(CCI)OC(C)(C)C.CCOC(=O)CCCCCCC1=CCCC1=O,CCCCCC(CC[C@H]1CCC(=O)[C@@H]1CCCCCCC(=O)OCC)OC(C)(C)C,6.8,52.6
C=C(C)C.CCCC(O)CCI,CCCC(CCI)OC(C)(C)C,3.8,9.2
CCCCCC(O)CC[C@H]1CCC(=O)[C@@H]1CCCCCCC(=O)OCC.CS(=O)(=O)Cl,CCCCCC(CC[C@H]1CCC(=O)[C@@H]1CCCCCCC(=O)OCC)OS(C)(=O)=O,5.4,95.1
CCCCCC(CC[C@H]1CCC(=O)[C@@H]1CCCCCCC(=O)OCC)OS(C)(=O)=O.[N-]=[N+]=[N-],CCCCCC(CC[C@H]1CCC(=O)[C@@H]1CCCCCCC(=O)OCC)N=[N+]=[N-],6.8,57.7
CCCCCC(CC[C@H]1CCC(=O)[C@@H]1CCCCCCC(=O)OCC)OS(C)(=O)=O.[Cl-],CCCCCC(Cl)CC[C@H]1CCC(=O)[C@@H]1CCCCCCC(=O)OCC,6.6,43.4
CCCCCC(CC[C@H]1CCC(=O)[C@@H]1CCCCCCC(=O)OCC)OS(C)(=O)=O.N#C[S-],CCCCCC(CC[C@H]1CCC(=O)[C@@H]1CCCCCCC(=O)OCC)SC#N,6.7,92.5
CC(C)=O.CCCCCC(CC[C@H]1CCC(=O)[C@@H]1CCCCCCC(=O)OCC)OS(C)(=O)=O.O=C([O-])Cc1cccs1,CCCCCC(CC[C@H]1CCC(=O)[C@@H]1CCCCCCC(=O)OCC)SC(C)=O,6.4,85.7
CCCCCC(CC[C@H]1CCC(=O)[C@@H]1CCCCCCC(=O)OCC)SC(C)=O,CCCCCC(S)CC[C@H]1CCC(=O)[C@@H]1CCCCCCC(=O)OCC,6.3,44.4
CCCCCC(O)CC[C@H]1CCC(=O)[C@@H]1CCCCCCC(=O)O,CCCCCC(O)CC[C@H]1CC[C@H](O)[C@@H]1CCCCCCC(=O)O,4.9,77.8
CCCCCC(O)CC[C@H]1CC[C@@H](O)[C@@H]1CCCCCCC(=O)OCC,CCCCCC(O)CC[C@H]1CC[C@@H](O)[C@@H]1CCCCCCC(=O)O,4.9,77.8
Cc1ccc(C)c(O)c1C.O=[N+]([O-])O,CC1=CC(=O)C(C)=C(C)C1=O,1.8,34.1
Cc1cc(Cl)c(C)c(C)c1O.O=[Cr](=O)(O)O,CC1=CC(=O)C(C)=C(C)C1=O,1.8,34.1
Cc1cc(Cl)c(C)c(C)c1O.O=[N+]([O-])O,CC1=CC(=O)C(C)=C(C)C1=O,1.8,34.1
Cc1ccc(C)c(O)c1C.O=[N+]([O-])O,CC1=CC(=O)C(C)=C(C)C1=O,1.8,34.1
Cc1ccc(C)c(O)c1C.O=[N+]([O-])O,CC1=CC(=O)C(C)=C(C)C1=O,1.8,34.1
COC(=O)CCCCCCC1=C(C=Cc2ccccc2)C(O)CC1=O.[O-][I+3]([O-])([O-])[O-],COC(=O)CCCCCCC1=C(C=O)C(O)CC1=O,1.2,80.7
CC(=O)C=Cc1ccccc1.O=[Se](O)O,O=CC(=O)C=Cc1ccccc1,1.9,34.1
O=C(O)CCCCCCCC(=O)CC(O)C(=O)C=Cc1ccccc1,O=C(O)CCCCCCC1=C(C=Cc2ccccc2)C(O)CC1=O,3.0,74.6
O=C(O)CCCCCCC1=C(C=Cc2ccccc2)C(O)CC1=O.[O-][I+3]([O-])([O-])[O-],O=CC1=C(CCCCCCC(=O)O)C(=O)CC1O,0.9,91.7
COC(=O)CCCCCCC1=C(C=Cc2ccccc2)C(O)CC1=O.[O-][I+3]([O-])([O-])[O-],COC(=O)CCCCCCC1=C(C=O)C(O)CC1=O,1.2,80.7
O=C(O)CCC1CC(c2ccccc2)CCC1=O,O=C1CCC2(CC1)CCC(=O)c1ccccc12,2.0,34.1
O=C1CCC2(CCCc3ccccc32)CC1,OC1CCC2(CCCc3ccccc32)CC1,3.7,20.2
O=C1CCC2(CC1)Cc1ccccc1C2,OC1CCC2(CC1)Cc1ccccc1C2,2.9,20.2
O=C1CCC2(CC1)Cc1ccccc1C2.O=[N+]([O-])O,O=C1CCC2(CC1)Cc1ccc([N+](=O)[O-])cc1C2,2.3,62.9
O=C1CCC2(CC1)CC(=O)c1ccccc1C2,O=C1CCC2(CC1)CC(=O)C1CC=CC=C1C2,1.5,34.1
CN(C)C=O.O=C1CCC2(CC1)Cc1ccccc1C2.[N-]=[N+]=[N-],[N-]=[N+]=NC1CCC2(CCc3ccccc3C2)CC1,5.0,14.4
N#CC1(c2ccccc2)CCC(=O)CC1,N#CC1(c2ccccc2)CCC(O)CC1,2.0,44.0
CCOC(=O)CCC1CC(c2ccccc2)CCC1O,O=C(O)CCC1CC(c2ccccc2)CCC1O,2.3,57.5
O=C1CCC2(CC1)CCC(=O)c1ccccc12,O=C1CCC2(CCCc3ccccc32)CC1,3.3,17.1
COC1=Cc2ccccc2C2(CCC(=O)CC2)C1,OC1CCC2(CCCc3ccccc32)CC1,3.7,20.2
COc1ccc2c(c1)CC1(CCC(=O)CC1)C2=O.Cc1ccc(S(=O)(=O)O)cc1.OCCO,Cc1ccc2c(c1)CC1(CCC(=O)CC1)C21OCCO1,1.8,35.5
COc1ccc2c(c1)CC1(CCC(=O)CC1)C2=O.Cc1ccc(S(=O)(=O)O)cc1.OCCO,Cc1ccc2c(c1)C1(OCCO1)C1(CCC(=O)CC1)C2,1.8,35.5
COc1ccc2c(c1)CC1(CCC(=O)CC1)C2=O.OCCO,COc1ccc2c(c1)CC1(CCC(=O)CC1)C21OCCO1,1.4,44.8
O=C1CCC2(CC1)Cc1ccccc1C21OCCO1.OCCO,c1ccc2c(c1)CC1(CCC3(CC1)OCCO3)C2,3.0,18.5
Cc1ccc2c(c1)CC1(CCC3(CC1)OCCO3)C2,O=C1CCC2(CC1)Cc1ccccc1C2,2.5,17.1
CC(=O)OC(C)=O.ON=C1CCC2(CC1)Cc1ccccc1C2,O=C1CCC2(CC1)Cc1ccccc1C2,2.5,17.1
CC(=O)NC1c2ccccc2CC12CCC(O)CC2.CS(=O)(=O)Cl,CC(=O)NC1c2ccccc2CC12CCC(OS(C)(=O)=O)CC2,1.9,80.8
COC(=O)C1(Cc2cccc(OC)c2)CCC2(CC1)OCCO2,OCC1(Cc2ccccc2)CCC2(CC1)OCCO2,2.3,38.7
OCC1(Cc2ccccc2)CCC2(CC1)OCCO2.[C-]#N,N#CC1(Cc2ccccc2)CCC2(CC1)OCCO2,2.4,42.2
CCOc1ccc2c(c1)CC1(CCC(=O)CC1)C2=O.O=C1CCC2(CC1)CCc1ccccc1C2,CCOc1ccc2c(c1)CC1(CCC(=O)CC1)C21OCCO1,1.8,44.8
ICCCCCI.NC1CCC2(CCc3ccccc3C2)CC1,c1ccc2c(c1)CCC1(CCC(N3CCCCC3)CC1)C2,5.0,3.2
CCOC(=O)Cl.NC1CCC2(CCc3ccccc3C2)CC1,CCOC(=O)NC1CCC2(CCc3ccccc3C2)CC1,4.2,38.3
CCOC(=O)C1=CCCCCCCCCCC1,CCOC(=O)C1=CC=CCCCCCCCC1,5.4,26.3
C=CC(C)(O)CCOC(C)C.CC(=O)O,CC(=CCCC=O)CCOC(C)C,2.2,26.3
CCOC(=O)C(CCCCCCOC(C)C)C(C)=O,CC(=O)CCCCCCCOC(C)C,2.7,26.3
BrCCCCCCBr.CC(C)O,CC(C)OCCCCCCBr,3.1,9.2
BrC1CC1.CC(=O)CCOC(C)C,CC(C)OCCC(C)(O)C1CC1,1.5,29.5
CCOC(=O)C(C)(C(=O)[O-])c1ccc(-c2ccc(F)cc2F)cc1,CC(C(=O)O)c1ccc(-c2ccc(F)cc2F)cc1,4.3,37.3
Nc1ccc(F)cc1F.c1ccccc1,Fc1ccc(-c2ccccc2)c(F)c1,4.2,0.0
CCOC(=O)C(C)(C(=O)[O-])c1ccc(-c2ccc(F)cc2)c(F)c1,CC(C(=O)O)c1ccc(-c2ccc(F)cc2)c(F)c1,4.3,37.3
CC(=O)c1ccc(Br)c([N+](=O)[O-])c1.Fc1ccc(I)cc1,CC(=O)c1ccc(-c2ccc(F)cc2)c([N+](=O)[O-])c1,3.2,62.9
CC(C(=O)O)c1ccc(-c2ccc(F)cc2F)cc1.CO,COC(=O)C(C)c1ccc(-c2ccc(F)cc2F)cc1,4.1,26.3
CC(C(=O)O)c1ccc(-c2ccc(F)cc2)c(F)c1.CCO,CCOC(=O)C(C)c1ccc(-c2ccc(F)cc2)c(F)c1,5.0,26.3
CC(C=O)c1ccc(-c2ccc(F)cc2)c(Br)c1.[OH-],CC(C(=O)O)c1ccc(-c2ccc(F)cc2)c(Br)c1,4.9,37.3
C#C.CCCCC(C)(C)C=O,C#CC(O)C(C)(C)CCCC,2.9,20.2
CCCCC(C)(C)C(C)=O.CCCCC(C)(C)C=O,C#CC(C)(O)C(C)(C)CCCC,3.0,20.2
C#CCCCCl.C=CC(C)=O,CC(=O)CCC#CCCCCl,1.8,17.1
CCCCC(C)(C)C=O.CC[Mg]Br,C#CC(O)C(C)(C)CCCC,2.9,20.2
C#CC(O)C(C)(C)CCCC.C1CCOCC1,C#CC(OC1CCCCO1)C(C)(C)CCCC,4.3,18.5
CC[O-].CSc1ccccc1O,CSc1ccccc1OCCO,1.7,54.8
CSc1ccccc1OCCO.O=S(Cl)Cl,CSc1ccccc1OCCCl,3.0,34.5
CC[O-].CSc1ccccc1Cl,CCOc1ccccc1SC,2.3,34.5
Clc1ccccn1.N#CCc1cccs1,N#CC(c1ccccn1)c1cccs1,2.0,64.9
Clc1nccs1.N#CCc1ccc(Cl)cc1,N#CC(c1ccc(Cl)cc1)c1nccs1,3.0,64.9
CC(C#N)(c1ccccc1)c1ccccn1.S,CC(C(N)=S)(c1ccccc1)c1ccccn1,2.4,71.0
N#CC(c1ccccc1)c1ccccn1.NCCN,c1ccc(C(C2=NCCN2)c2ccccn2)cc1,1.5,37.3
N#CC(c1ccc(Cl)cc1)c1nccs1.NCCN,Clc1ccc(C(C2=NCCN2)c2nccs2)cc1,2.2,65.5
CC(C(N)=S)(c1ccccc1)c1ccccn1.NCCN,CC(C1=NCCN1)(c1ccccc1)c1ccccn1,1.8,37.3
CC(=O)OC(C)=O.OC(C1=NCCN1)(c1ccccc1)c1ccccn1,CC(=O)N1CCN=C1C(O)(c1ccccc1)c1ccccn1,0.7,65.8
CN1CCN=C1C(c1ccccc1)c1ccccn1.CS(C)=O,CN1CCN=C1C(O)(c1ccccc1)c1ccccn1,0.9,48.7
CC(C)(C)C(=O)CSC(F)F.NO,CC(C)(C)C(CSC(F)F)=NO,3.2,57.9
CC(C)(C)C(=O)CSC(F)(F)F.NO,CC(C)(C)C(CSC(F)(F)F)=NO,3.5,57.9
O.ON=C1CC2CC1c1ccccc12,O=C1CC2CC1c1ccccc12,1.6,17.1
CCC(C)(C)c1ccc(O)c(C(C)(C)CC)c1.CN(C)C=O.[OH-],CCC(C)(C)c1cc(C(=O)O)c(O)c(C(C)(C)CC)c1,7.7,57.5
O=C(O)c1ccccc1O,CC(C)c1cc(C(=O)O)c(O)c(C(C)C)c1,5.5,57.5
COC1CC(N)CCC1C,COc1cc(N)ccc1C,2.1,35.2
CCOc1cc(N)ccc1C,CCOC1CC(N)CCC1C,1.3,35.2
COC1CC(N=C=O)CCC1C.NS(=O)(=O)c1ccccc1,COC1CC(NC(N)=O)CCC1C,0.6,64.4
CCOC(=O)N(C)S(=O)(=O)c1ccccc1.NC1CCC(Cl)CC1,NC(=O)NC1CCC(Cl)CC1,0.9,55.1
NC(=O)NS(=O)(=O)c1ccccc1.NC1CCCCC1Cl,NC(=O)NC1CCCCC1Cl,0.9,55.1
O=C(NC1CCC(Cl)CC1)N(c1ccccc1)c1ccccc1,NC(=O)NC1CCC(Cl)CC1,0.9,55.1
CC(=O)NCCc1ccc(S(=O)(=O)NC(=O)NC2CCC(Cl)CC2)cc1,NC(=O)NC1CCC(Cl)CC1,0.9,55.1
CC1CCC(N)C(C)C1.NC(N)=O,CC1CCC(NC(N)=O)C(C)C1,1.5,55.1
CC1(C)CCC(NC(N)=S)CC1.NS(=O)(=O)c1ccccc1,CC1(C)CCC(NC(N)=O)CC1,1.4,55.1
CCC1(CC)CCC(N=C=O)CC1.NS(=O)(=O)c1ccccc1,CCC1(CC)CCC(NC(N)=O)CC1,2.5,55.1
COC(=O)CC(C)=O.COC(OC)C(C)=CCCl.C[O-],COC(C)(CCC=C(C)C=O)OC,1.2,35.5
C=CCCCCCCCCCC.O,CCCCCCCCCCC(C)=O,4.6,17.1
CCCCCCCCCl.O=P(Cl)(Cl)Cl,CCCCCCCCP(=O)(CCCCCCCC)CCCCCCCC,9.6,17.1
O=C1C=CC(=O)C2C1C1(Cl)C(Cl)=C(Cl)C2(Cl)C1(Cl)Cl,Oc1ccc(O)c2c1C1(Cl)C(Cl)=C(Cl)C2(Cl)C1(Cl)Cl,3.9,40.5
CCCCCCC[S-].CCOC(=O)CCCCCCC1=CCCC1=O,CCCCCCCSC1CCC(=O)C1CCCCCCC(=O)OCC,6.2,68.7
CCCS.CCOC(=O)CCCCCCC1=CCCC1=O,CCCSC1CCC(=O)C1CCCCCCC(=O)OCC,4.2,68.7
CCCCCC(C)(O)CSC1CCC2(OCCO2)C1CCCCCCC(=O)OC(C)(C)C,CCCCCC(C)(O)CSC1CCC(=O)C1CCCCCCC(=O)O,4.5,99.9
CC=[N+]=[N-].CCCCCCCSC1CCC(=O)C1CCCCCCC(=O)O,CCCCCCCSC1CCC(=O)C1CCCCCCC(=O)OCC,6.2,68.7
Cc1ccc(C(C)(O)CSC2C(O)CC(=O)C2CCCCCCC(=O)O)cc1,Cc1ccc(C(O)CSC2C(O)CC(=O)C2CCCCCCC(=O)O)cc1,2.9,120.0
CCOC(=O)C1CCCC1=O.Cc1ccccc1.O=C(O)CCCCCCBr,CCOC(=O)CCCCCCC1(C(=O)OCC)CCCC1=O,3.2,69.7
CCOC(=O)CCCCCCC1(C(=O)OCC)CCCC1=O,CCOC(=O)CCCCCCC1=CCCC1=O,3.0,43.4
CCC(CCCCCC1=CCCC1=O)C(=O)O,CCC(CCCCCC1=CCCC1=O)C(=O)O,3.2,54.4
CCOC(=O)CC(C)(C)CCCCCl.[I-],CCOC(=O)CC(C)(C)CCCCI,4.5,26.3
CC(C)(CCCCC1CCCC1=O)CC(=O)O.CCO,CCOC(=O)CC(C)(C)CCCCC1CCCC1=O,3.8,43.4
CC(=O)OC(C)=O.CCOC(=O)CC(C)(C)CCCCC1CCCC1=O,CCOC(=O)CC(C)(C)CCCCC1=C(OC(C)=O)CCC1,4.0,52.6
Cc1ccc(S(=O)(=O)O)cc1.O=C(O)COCCCCC1=CCCC1=O,CCOC(=O)COCCCCC1=CCCC1=O,1.7,52.6
CC(C)(CCCCCl)CC(=O)O.CN(C)C=O.ClC(Cl)Cl,CCOC(=O)CC(C)(C)CCCCCl,3.5,26.3
CCOC(=O)CC(C)(C)CCCCC1=C(OC(C)=O)CCC1,CC(C)(CCCCC1=CCCC1=O)CC(=O)O,3.1,54.4
O=C(O)CCCCCCC1=CCCC1=O.O=C1CCC(=O)N1Br,O=C(O)CCCCCCC1=CC(Br)CC1=O,2.6,54.4
CC(C)=O.O=C(O)CCCCCCC1=CC(Br)CC1=O,O=C(O)CCCCCCC1=CC(O)CC1=O,1.2,74.6
C1=COCCC1.Cc1ccc(S(=O)(=O)O)cc1.O=C(O)CCCCCCC1=CC(O)CC1=O.O=C([O-])O,O=C1CC(OC2CCCCO2)C=C1CCCCCC(C(=O)O)C1CCCCO1,3.4,82.1
CC(CCCCCC1=CCCC1=O)C(=O)O.CCO,CCOC(=O)C(C)CCCCCC1=CCCC1=O,3.6,43.4
Cc1ccc(S(=O)(=O)O)cc1.O=C(O)CCCCCCC1CCCCC1=O,CCOC(=O)CCCCCCC1CCCCC1=O,3.5,43.4
CC(=O)OC(C)=O.CCOC(=O)CCCC1CCCCC1=O,CCOC(=O)CCCC1=C(OC(C)=O)CCCC1,2.1,52.6
CC(=O)OC(C)=O.CCOC(=O)CCCCCCCC1CCCCC1=O,CCOC(=O)CCCCCCCC1=C(OC(C)=O)CCCC1,4.3,52.6
BrC(c1ccccc1)(c1ccccc1)c1ccccc1.C#CC(O)CCCCC,C#CC(CCCCC)OC(c1ccccc1)(c1ccccc1)c1ccccc1,7.2,9.2
C#CCCC.O=CCCCl,CCCC#CC(O)CCCl,2.1,20.2
CCCC#CC(O)CCCl.[I-],CCCC#CC(O)CCI,2.6,20.2
C=C(C)C.CCCC#CC(O)CCI,CCCC#CC(CCI)OC(C)(C)C,4.2,9.2
C#C.CCCCCC(=O)Cl.[Cl-],CCCCCC(=O)/C=C/Cl,2.7,17.1
CCCCCC(=O)/C=C/Cl.[I-],CCCCCC(=O)/C=C/I,3.0,17.1
CCCCCC(=O)/C=C/Cl.[Br-],CCCCCC(=O)/C=C/Br,2.8,17.1
CCCCCC(=O)/C=C/I,CCCCCC(O)/C=C/I,3.1,20.2
BrC(c1ccccc1)(c1ccccc1)c1ccccc1.CCCCCC(O)/C=C/I,CCCCCC(/C=C/I)OC(c1ccccc1)(c1ccccc1)c1ccccc1,8.3,9.2
CC(=O)OC(C)=O.COCCC1CCCC1=O,COCCC1=C(OC(C)=O)CCC1,0.9,35.5
COCCC1=C(OC(C)=O)CCC1,O=C1CCC=C1CCO,0.1,37.3
O=C(O)CCCC[P+](c1ccccc1)(c1ccccc1)c1ccccc1.O=CCC1=CCCC1=O,O=C(O)CCCC/C=C\C1=CCCC1=O,1.8,54.4
CCCCCC(=O)/C=C/I,CCCCCC(O)/C=C/I,3.1,20.2
CCCCCC(O)/C=C/I.COc1ccc(CC(Cl)(c2ccccc2)c2ccccc2)cc1,CCCCCC(/C=C/I)OC(Cc1ccc(OC)cc1)(c1ccccc1)c1ccccc1,8.5,18.5
BrCCBr.CCCCCC(=O)Br,CCCCCC(=O)/C=C/Br,2.8,17.1
C#CC(O)C(C)(C)CCCC.C1=COCCC1,C#CC(OC1CCCCO1)C(C)(C)CCCC,4.3,18.5
C#CC(OC1CCCCO1)C(C)(C)CCCC.II,CCCCC(C)(C)C(O)/C=C/I,3.9,20.2
BrC(c1ccccc1)(c1ccccc1)c1ccccc1.CCCCC(C)(C)C(O)/C=C/I,CCCCC(C)(C)C(/C=C/I)OC(c1ccccc1)(c1ccccc1)c1ccccc1,9.1,9.2
C#CC(O)CC(C)(C)CCC.C1=COCCC1,C#CC(CC(C)(C)CCC)OC1CCCCO1,4.3,18.5
C#CC(CC(C)(C)CCC)OC1CCCCO1.II,CCCC(C)(C)CC(O)/C=C/I,3.9,20.2
BrC(c1ccccc1)(c1ccccc1)c1ccccc1.CCCC(C)(C)CC(O)/C=C/I,CCCC(C)(C)CC(/C=C/I)OC(c1ccccc1)(c1ccccc1)c1ccccc1,9.1,9.2
O=C(O)CCCC/C=C\C1C(=O)C=CC1O.[OH-],O=C(O)CCCC/C=C\C1=CC(O)CC1=O,0.7,74.6
O=C(O)CCCC/C=C\C1C=CCC1O,O=C(O)CCCC/C=C\C1C=CCC1=O,1.8,54.4
BrBr.C#CC(OC1CCCCO1)C(C)(C)CCCC,CCCCC(C)(C)C(/C=C/Br)OC1CCCCO1,5.1,18.5
CCCCC(C)(C)C(/C=C/Br)OC1CCCCO1,CCCCC(C)(C)C(O)/C=C/Br,3.7,20.2
BrC(c1ccccc1)(c1ccccc1)c1ccccc1.CCCCC(C)(C)C(O)/C=C/Br,CCCCC(C)(C)C(/C=C/Br)OC(c1ccccc1)(c1ccccc1)c1ccccc1,8.9,9.2
C#CC(CC(C)(C)CCC)OC1CCCCO1.[Br-],CCCC(C)(C)CC(/C=C/Br)OC1CCCCO1,5.1,18.5
BrC(c1ccccc1)(c1ccccc1)c1ccccc1.CCCC(C)(C)CC(O)/C=C/Br,CCCC(C)(C)CC(/C=C/Br)OC(c1ccccc1)(c1ccccc1)c1ccccc1,8.9,9.2
C#CC(CCCCC)OC(c1ccccc1)(c1ccccc1)c1ccccc1.II,CCCCCC(/C=C/I)OC(c1ccccc1)(c1ccccc1)c1ccccc1,8.3,9.2
BrC(c1ccccc1)(c1ccccc1)c1ccccc1.C#CC(O)C/C=C\CC,C#CC(C/C=C\CC)OC(c1ccccc1)(c1ccccc1)c1ccccc1,6.7,9.2
C#CC(CCCCCCC)OC(c1ccccc1)(c1ccccc1)c1ccccc1.[Br-],CCCCCCCC(/C=C/Br)OC(c1ccccc1)(c1ccccc1)c1ccccc1,9.2,9.2
BrBr.C#CC(CCCCCC)OC(c1ccccc1)(c1ccccc1)c1ccccc1,CCCCCCC(/C=C/Br)OC(c1ccccc1)(c1ccccc1)c1ccccc1,8.6,9.2
CC(C)=O.O=C(O)CCCCCCCCC1=CC(Br)CC1=O,O=C(O)CCCCCCCCC1=CC(O)CC1=O,2.3,74.6
CC(=O)O.CCOC(=O)CCCCCCC1=CC(Br)CC1=O,CCOC(=O)CCCCCCC1=CC(OC(C)=O)CC1=O,2.4,69.7
C1=COCCC1.CCOC(=O)CCCCCCC1=CC(O)CC1=O,CCOC(=O)CCCCCCC1=CC(OC2CCCCO2)CC1=O,3.3,61.8
C#CC(O)CCCCC.[Li]CCCC,C#CC(CCCCC)OC,2.6,9.2
CC(C)(C)c1ccccc1O.O=S(=O)(O)c1cccc(S(=O)(=O)O)c1,CC(C)(C)c1ccc(O)cc1,3.3,20.2
BrBr.Cc1ccc(C)cc1,Cc1ccc(C)c(Br)c1,3.4,0.0
CC(C)(C)c1ccccc1,CC(C)(C)C=Cc1ccccc1,4.5,0.0
C=C.CC(=O)O.CC(=O)[O-].CC(C)(C)c1ccccc1,CC(C)(C)C=Cc1ccccc1,4.5,0.0
CC1=C(/C=C/C(C)=C/C=C/C(C)=C/C#C/C=C(C)/C=C/C=C(C)/C=C/C2=C(C)CCCC2(C)C)C(C)(C)CCC1,CC1=C(/C=C/C(C)=C/C=C/C(C)=C/C=C\C=C(C)\C=C\C=C(C)\C=C\C2=C(C)CCCC2(C)C)C(C)(C)CCC1,13.5,0.0
COCCO[Ca]OCCOC.O=S(=O)(O)O.[Na]c1ccccc1,O=C(O)c1ccccc1,1.9,37.3
C1CO1.CCCC1OCCO1.O=C(O)c1ccc(C(=O)O)cc1,O=C(OCCO)c1ccc(C(=O)OCCO)cc1,1.7,93.1
Cc1cc(=O)nc(N)[nH]1.O=C1CCC(=O)N1I,Cc1nc(N)nc(O)c1I,-0.3,67.5
COC1CCNCC1.NS(=O)(=O)c1ccc(S(=O)(=O)Cl)cc1Cl,COC1CCN(S(=O)(=O)c2ccc(S(N)(=O)=O)c(Cl)c2)CC1,0.7,124.0
COC1CCNCC1.O=[N+]([O-])c1ccc(S(=O)(=O)Cl)c(C(F)(F)F)c1,COC1CCN(S(=O)(=O)c2ccc([N+](=O)[O-])cc2C(F)(F)F)CC1,2.2,101.0
CC(C)n1nc(O)nc1Cl.CS,CSc1nc(O)nn1C(C)C,1.1,70.0
